0,0,44
1,0,0
0,1,3
0,0,20
1,1,2
1,1,166
0,1,52
0,1,2
0,0,197
0,1,1
1,1,2
0,0,1
0,1,133
1,1,1
0,0,47
1,0,663
0,1,3
0,1,15
0,1,24
0,1,3
0,1,3
1,1,5
1,1,6
0,1,3
0,1,6
0,0,1
0,0,1
1,0,4
1,1,-7
0,1,144
0,0,1
1,0,1
0,0,1
0,0,16
0,0,1
1,1,10
0,0,1
1,1,5
0,1,3
0,0,39
0,1,14
0,0,2
0,1,12
0,1,2
0,0,1
0,0,73
0,0,10
1,0,3
0,1,1
0,1,6
0,0,2
1,1,1
0,0,30
0,1,1
1,1,18
0,1,2
0,1,2
0,0,1021
1,0,1
1,1,1
1,1,1
1,0,22
1,1,4
0,1,5
0,0,1
0,0,2
0,0,194
0,1,14
1,0,107
1,1,2
0,0,1
0,1,4
0,0,1
0,1,2
0,0,8
0,1,6
1,1,445
1,1,10
1,0,2
1,0,3
0,0,10
0,0,12
0,0,2
0,0,54
0,1,2
0,0,8
1,1,2
0,0,2
1,1,3
1,1,6
0,1,38
0,0,1
1,0,4
1,0,2
1,0,56
0,0,2
0,0,3
0,1,156
0,1,101
0,1,1
0,1,1
1,1,4
0,1,2
0,0,86
0,0,1
1,1,24
1,1,1
0,0,1
1,1,47
1,1,1
1,1,2
0,1,2
0,1,27
1,1,2
0,0,434
1,0,1
0,0,13
0,0,622
1,1,60
1,1,4
1,0,3
0,0,4
1,0,4
1,0,76
0,0,7
1,0,3
0,0,3
1,0,4
0,0,1
1,1,21
0,0,5
0,0,76
0,0,6
0,0,127
1,1,3
0,1,2
0,1,2
0,1,12
0,0,3
0,1,5
0,1,10
0,1,1
1,1,3
0,0,10
0,1,11
0,1,43
0,1,4
0,0,3
1,1,13
0,1,26
0,1,2
0,0,22
0,1,4
1,1,1
1,0,1
1,1,24
0,1,246
1,1,10
1,1,11
0,0,22
0,1,1
0,0,1
0,0,1
0,1,1
0,0,8
0,1,2
0,1,190
1,1,2
0,0,1448
0,0,167
0,1,2
0,0,34
0,0,5
0,0,11
0,1,29
0,0,444
0,0,6710
0,1,14
0,0,24
0,0,218
0,1,44
0,0,1090
0,1,10
0,0,12
0,0,53
0,0,3
0,1,3
1,0,2
1,1,4
0,0,2
0,1,5
1,1,38
1,1,11
1,1,1
1,1,2
0,0,1
0,1,2
0,0,30
1,0,7
0,1,9
0,0,1
1,0,15
0,0,1572
0,0,1
1,0,1083
0,0,104
0,0,31
0,0,1
0,1,1
0,1,73
0,1,1
0,0,1
0,0,2
1,1,1
0,0,64
0,1,1
0,0,29
1,1,99
0,1,3
1,1,7
0,1,3
0,1,161
1,1,3
0,1,6
0,0,3
1,1,3
1,0,2
0,1,1
0,1,3
1,1,9
0,0,1
0,1,45
0,1,3
0,1,19
0,1,2
1,0,14
0,0,20
1,1,2
0,0,3
1,1,20
0,0,1
0,0,35
0,0,1
1,0,2
0,0,-5
0,0,1
0,0,3
0,1,6
1,1,0
0,0,9
1,1,6
1,1,66
0,0,14
0,0,1
0,0,41
1,0,5
1,0,1
0,0,246
0,0,3
0,0,4
0,0,1
1,1,3
1,1,7
1,1,132
0,0,3
0,1,8
0,1,4
0,1,21
0,0,7
0,0,1
0,1,3
0,1,242
0,0,20
0,1,2
0,1,1
0,1,60
0,1,7
0,1,1
1,0,14
0,0,8
0,0,1
0,1,3
0,1,8
0,1,32
0,0,15
1,1,172
1,1,2
0,0,75
0,0,2
0,0,2
0,1,2
0,1,19
1,0,1
1,1,1
0,0,6
0,0,14
0,0,3
0,1,1
0,1,7
0,0,2
0,0,1
0,0,3
1,1,21
0,0,3
1,1,8
0,1,4
1,1,2
1,1,1
1,1,147
1,1,17
0,1,3
0,1,7
0,0,5
1,1,104
1,1,8
0,0,62
0,1,4
0,0,86
0,1,9
0,0,1
1,1,10
1,1,29
0,0,2
1,0,1
0,0,3
0,0,15
1,0,3
1,1,3
0,0,7
0,1,68
0,1,1
0,1,3
0,1,21
1,1,37
1,1,3
1,0,1
0,0,2
0,1,3
0,1,7
0,1,9
1,1,8
0,0,2
0,0,2
0,1,2
0,1,2
1,0,1
0,1,2
0,1,256
0,0,985
0,0,1
0,0,6
0,0,1167
1,1,5
0,1,0
1,0,4
0,0,209
0,1,9
0,1,7
1,0,47
0,1,38
1,1,51
0,0,1
0,1,1
0,0,1
0,1,10
0,0,1
1,1,14
0,0,3
0,0,32
0,0,222
0,0,2
0,0,112
0,0,1
1,0,80
0,0,68
0,1,4
0,0,21
0,0,2
0,1,1
0,0,3
0,1,3
0,1,31
1,1,1
0,0,854
0,0,8
0,0,29
1,1,38
0,1,-1
0,1,1
0,1,2
0,0,1
0,1,33
0,0,49
1,1,29
0,0,257
0,1,103
1,0,1
0,0,64
0,0,51
1,1,2
0,1,1
0,1,4
0,0,2
0,1,3
0,1,1
0,0,1
0,1,3
0,1,54
0,1,5
0,0,20
1,0,151
0,0,1
0,0,1
1,1,2
1,0,3
0,0,16
0,0,19
1,1,13
0,0,430
0,1,1
0,0,128
0,1,0
0,0,20
0,1,6
0,0,2
1,0,6
0,1,2
0,0,1
0,0,4
0,1,35
1,1,1
0,1,1
0,1,4
0,1,9
1,0,15
0,0,5
1,1,2
0,1,8
0,0,3
0,0,66
0,0,1
1,1,2
0,0,2
0,0,41
1,0,1
0,0,5
0,0,32
0,0,101
1,1,13
0,1,106
0,1,1
1,0,193
0,1,8
1,0,3
0,1,47
0,0,8
1,0,53
0,0,5
0,0,5
0,0,18
0,1,14
1,0,-8
0,0,40
1,1,2
0,1,2
0,1,24
0,0,9271
1,1,1
0,0,166
0,1,2
0,0,1
0,0,73
1,1,2
0,0,2
1,1,2
0,0,1
0,1,4
0,1,27
0,1,3
0,1,1
1,1,1
0,0,19
1,1,-2
1,0,2
1,1,15
0,1,2
0,0,8
0,0,141
0,0,59
0,0,0
0,0,4
0,0,1
0,0,4
0,1,12
0,1,2
1,1,10
1,0,8
1,1,1
1,0,22
0,0,3
0,0,10
0,0,10
1,1,9
0,0,26
0,0,4
1,1,1
0,0,42
1,0,123
0,1,4
1,0,1
0,1,6
1,1,6
0,1,2
0,1,2
0,0,12
0,0,1423
0,0,105
1,0,9
0,1,4
0,1,457
0,0,2
1,0,14
0,0,21
1,1,0
0,1,24
0,1,6
0,0,16
0,0,9
0,0,56
0,1,29
0,0,344
1,1,1
0,1,3
0,0,4
0,0,11
0,0,7
0,1,3
1,1,171
0,0,3
0,0,12
1,1,12
1,0,2
0,1,4
0,1,13
0,1,1
0,0,6
1,0,1
0,0,4
0,1,1
0,1,7
0,1,21
0,1,11
1,0,1
1,1,5
0,1,18
1,1,11
0,0,2
0,0,6
1,0,2
1,0,4
1,0,3
0,0,0
1,1,6
0,0,2
0,0,2
0,0,64
0,1,-5
0,1,60
0,0,2
0,1,4
0,0,5
0,1,9
0,1,63
0,1,12
0,0,230
1,0,9
1,1,156
0,0,2
1,1,2
0,0,3
0,1,3
0,0,3
0,0,43
0,0,6
0,1,109
0,1,-1
1,0,8
0,0,2
0,1,10
0,1,6
1,0,1
1,1,10
0,0,11
0,0,2
0,1,16
0,0,902
0,1,803
1,0,29
0,1,-3
0,1,3
0,0,47
0,1,5
0,1,1
0,0,6
0,1,1
0,1,8
0,0,230
0,0,16
0,1,7
0,1,6
0,1,115
1,1,37
0,1,1
0,1,193
0,0,7
0,0,3
1,1,3
0,1,4
0,1,7
0,1,7
0,0,36
0,1,7
0,1,78
1,0,2038
0,1,19
0,1,39
1,0,900
0,1,1
0,1,10
1,0,7
1,0,3
1,0,87
1,0,1
1,1,1
1,1,17
0,1,1
0,1,1
0,1,63
0,0,9
0,1,35
0,0,1
0,0,34
0,1,1
0,1,3
0,0,5
0,0,2
0,1,3
0,0,64
0,0,1328
0,1,20
0,1,-6
0,0,3
1,1,2
0,1,3
1,1,1
1,1,5
0,0,30
1,0,5
1,1,37
0,0,15
0,0,39
1,1,2
1,0,11
0,0,2
0,0,51
0,0,5
0,1,54
0,0,15
0,1,16
0,0,13
0,0,16
0,0,125
1,1,125
0,1,5
0,0,21
0,0,93
0,0,29
0,1,-1
0,0,1
0,0,9
1,1,2
0,0,1
0,1,6
0,1,1
0,0,2
0,1,29
0,0,179
0,0,1
0,0,5
0,1,3
1,0,2
1,0,2
0,1,7
0,1,32
1,0,3
1,0,1
0,0,5
1,0,1
0,0,11
0,1,5
1,1,1
0,0,27
1,1,2
0,1,5
0,1,7
0,0,1
1,1,34
0,0,11
0,1,17
0,0,5
0,0,2
0,0,3
0,0,2
0,1,3
1,0,1
0,0,8712
0,1,7
0,1,0
0,0,174
0,0,127
1,1,4
0,0,81
0,0,163
0,0,3
0,0,62
0,0,837
1,0,15
0,1,1
0,1,1
0,0,1
0,1,9
0,1,23
0,0,1
0,1,1
1,1,154
0,1,5
0,1,65
0,1,10
0,1,13
0,1,1
0,1,216
1,0,12
0,0,44
0,0,1
0,0,2
0,0,4
0,0,1
0,0,3
1,0,1
0,1,1
0,0,29
0,0,1
1,0,554
0,0,2
0,1,79
0,0,2
0,0,45
1,1,-44
0,1,1
0,1,0
1,0,2
0,1,22
0,1,56
1,1,1
0,1,22
0,0,39
0,1,3
0,1,15
0,0,5
0,1,24
1,0,5
0,0,1
0,0,11
0,0,3
0,1,-1
0,1,-36
1,1,16
0,0,9
0,1,2
0,1,5
0,0,15
1,1,27
0,1,10
1,1,1
1,1,2
0,0,1
0,0,50
0,0,1
0,0,1
0,0,84
1,0,2
0,0,2
1,0,3
0,1,4
0,0,1
0,0,2
0,1,4
1,0,29
0,0,1
1,1,1
1,1,2
0,0,4
0,1,2
1,1,2
0,0,8
0,0,1
0,0,5
0,1,14
0,0,10
0,1,15
0,1,1
0,1,0
1,0,1
0,0,11
0,0,50
0,0,1429
1,0,1
0,1,1
1,1,2
0,0,27
0,1,74
1,0,281
0,0,2
0,1,1
1,1,67
0,1,1
1,1,5
0,0,1
0,0,794
0,1,3
0,0,1
0,0,1
0,0,966
0,1,8
0,0,194
0,0,1
0,1,44
0,1,483
0,1,1
0,1,2
0,0,19
0,0,-8
1,0,5
0,0,1
0,0,535
0,1,7
0,1,3
1,0,6
0,1,2
0,1,4
0,0,3
0,1,176
0,0,31
0,0,11
0,0,1
0,0,3
0,1,5
1,1,8
0,1,1
1,0,1
1,1,3
0,0,3
0,0,1
0,0,11
0,1,-64
0,0,42
0,0,1
0,0,98
0,1,22
1,1,1
0,1,1
0,1,1
1,0,9
0,0,2013
0,0,15
0,1,-4
0,0,155
1,1,14
1,1,106
0,1,2
0,0,0
0,0,156
0,0,21
1,1,49
0,0,12
0,0,956
1,1,3
0,0,861
0,0,20
1,0,44
1,1,17
1,0,1
0,0,1
0,0,2
1,1,16
0,1,1
0,1,2
0,0,1
0,0,11
0,1,86
1,0,1100
0,1,38
0,1,19
0,1,214
0,1,4
0,0,4
1,1,15
0,0,82
0,0,1
0,0,7
1,0,2
0,0,1
1,1,45
1,0,14
1,1,1
1,0,96
0,0,90
0,0,1122
0,1,30
1,0,0
0,0,29
0,0,1
0,0,33
0,0,5
0,1,13
0,0,12
0,1,3
0,0,2
1,1,2
0,1,4
0,1,24
1,0,4
0,0,1
1,0,37
0,1,499
0,0,1
0,1,24
0,0,8
0,0,18
1,1,6
1,1,-1
0,0,1
0,1,2
1,0,35
0,1,10
1,0,10
1,0,16
0,0,1
0,0,8
0,0,11
0,0,617
0,1,9
0,0,1
0,0,95
1,1,11
0,1,7
1,0,6
1,0,5
0,1,50
1,0,55
0,0,2
0,0,11
1,1,385
0,1,3
1,1,3
1,1,5
0,0,5
0,1,8
1,1,3
0,1,5
0,1,13
0,0,1365
0,0,7
1,1,2
0,0,1
1,1,1
0,1,2
0,1,9
1,1,2
0,0,1
0,0,66
0,1,5
0,0,22
0,0,4
0,0,2
0,1,2
0,0,1
0,1,1
1,1,1
0,1,10
0,1,1
0,1,27
0,0,1
1,0,3
0,0,13
0,0,1
0,1,3
0,0,33
1,1,10
1,1,9
0,0,3
0,0,1
0,1,8
0,0,3
0,0,568
0,1,13
1,0,336
0,0,3
1,1,3
1,0,10
0,1,3
0,1,3
0,0,19
0,1,1
0,0,0
1,0,2
0,1,1
1,1,3
0,0,3
1,1,19
1,1,3
1,1,0
0,0,0
0,1,3
1,1,9
0,0,-1
0,1,36
0,1,8
0,0,114
0,1,2
0,0,1060
1,1,11
0,0,1
0,1,3
0,0,66
0,0,1086
0,0,3
0,0,6
0,0,53
1,0,725
0,1,11
0,0,1
0,0,54
0,0,15
0,1,2
0,1,204
1,0,4
0,1,27
0,0,2
0,0,2
1,0,65
0,0,925
0,0,2
1,1,7
0,1,2
0,1,1
0,1,615
0,0,2
0,1,5
0,1,27
0,1,2
0,0,1
1,1,50
0,1,3
0,1,1
0,1,-2
0,0,12
0,0,1
0,1,18
0,0,4
0,0,2
1,0,2
1,1,5
0,0,87
0,0,21
0,1,1
0,0,107
0,0,1
0,0,99
1,1,2
0,0,1655
1,1,2
0,1,20
1,1,13
1,1,69
0,1,4
0,1,1
0,0,1
0,1,3
1,0,3
1,0,114
0,0,9
0,1,1
0,0,2
1,1,13
1,0,39
0,1,1
0,1,65
0,0,1
0,1,289
0,1,3
1,1,2
0,1,1
0,1,1
0,1,3
0,0,1
0,0,17
0,0,85
0,0,3
1,0,165
0,0,1222
0,0,8
0,1,1
0,1,2
0,0,5
0,0,361
0,1,2
1,0,1
0,1,1
1,1,1
1,0,3
1,1,1
1,0,17
0,0,52
0,0,75
0,1,8
0,0,2
0,1,45
0,1,3
1,1,2
0,0,1
0,1,5
0,1,5
0,0,4
1,0,10
0,0,111
0,1,22
0,0,83
0,0,47
0,1,6
0,0,56
1,1,1
0,0,27
1,1,1
0,0,1
0,0,2
0,0,13
0,0,1
1,0,2
0,0,1
1,0,3
0,0,331
0,1,2
0,1,2
0,0,1
0,0,18
0,0,12
0,1,-1
0,1,3
0,1,1
0,0,13
0,1,30
1,0,1
0,0,13
0,1,34
0,0,1
0,0,1
0,0,57
0,1,2
0,1,294
0,0,2
0,0,3
0,0,3
1,1,2
1,0,2
0,1,5
0,1,232
0,0,7
0,0,1
0,0,2
0,0,275
1,0,9
0,0,6
0,1,3
1,1,1
0,1,2
1,1,232
0,1,1
0,0,2
0,0,100
0,1,2
1,0,2
1,1,4
0,1,36
1,1,3
0,1,2
1,1,7
0,0,4
1,0,31
0,0,340
0,1,1
0,0,867
0,0,1
1,1,16
1,1,1
0,1,1
1,1,18
1,0,6
0,1,3
0,1,1
0,0,12
0,1,12
0,1,18
0,0,94
0,0,1
0,0,44
0,0,92
0,1,3
1,1,1
0,1,4
1,1,205
1,1,44
0,1,1
1,1,1
0,0,1
0,1,1
0,0,46
0,1,11
1,1,1
0,0,5
0,0,4
0,0,30
0,0,102
1,0,588
1,1,3
1,1,7
0,0,0
0,0,269
0,1,1
0,1,1
0,1,4
0,1,5
0,0,560
0,0,14
0,1,10
0,0,14
1,1,1
1,1,5
0,1,90
0,0,29
0,1,9
0,0,1
0,1,6
1,1,3
0,0,49
0,1,59
0,0,4
0,1,1
0,1,2
0,0,939
0,0,2
0,0,4932
0,0,32
0,0,6
0,1,3
0,0,10
1,1,3
1,0,1
1,1,3
0,1,10
1,1,103
1,1,2
0,0,1
0,0,1
0,0,1
0,0,2
1,0,3
1,1,16
0,1,3
1,1,3
0,0,50
0,0,1
0,1,7
0,0,1
0,1,8
1,1,2
1,1,3
0,1,1
0,0,65
0,1,1
0,1,2
0,1,115
0,0,58
1,1,1
0,0,4
0,1,1
0,1,1
0,1,3
1,1,1
1,0,1
1,0,1
0,0,71
0,0,3
1,0,4
1,1,2
0,1,86
0,1,5
0,1,2
1,1,6
0,0,75
0,0,63
0,0,8
1,1,65
0,1,7
0,0,6
0,1,72
0,1,-3
0,0,3
0,0,18
0,0,44
1,1,3
0,1,5
0,0,669
1,1,4
0,1,1
0,1,3
0,0,1
0,0,388
1,1,8
1,1,36
0,0,1
0,0,2
0,0,76
0,1,3
0,0,2
0,0,8
0,0,15
0,0,5
0,1,2
0,1,5
0,0,3
1,1,17
1,0,3
1,1,33
0,1,11
0,0,1
1,0,2
1,0,2
0,1,2
0,0,6804
0,1,3
0,1,10
0,0,1
1,1,1
0,0,4
0,1,12
0,0,89
1,1,233
0,1,2
0,0,1
1,0,80
0,1,1
0,1,3
1,0,1
1,1,12
0,0,2
1,0,-29
1,0,2
1,1,3
0,0,2
0,1,1
0,0,37
0,0,1
1,1,11
1,0,4
0,0,68
0,1,1
1,1,7
0,1,5
0,1,5
1,1,5
0,1,28
0,0,3
0,1,1
0,0,1
1,1,2
0,0,2
0,0,7
0,1,1
0,1,4
1,0,3011
1,1,-2
0,1,2
0,0,10
0,1,2
0,1,0
1,1,11
0,1,4
1,1,34
0,0,1043
1,1,1
1,0,7
0,1,184
0,1,11
0,0,177
0,0,5
0,1,-3
0,1,9
0,0,12
0,1,11
0,0,66
1,1,1
0,1,71
0,1,17
0,1,47
1,1,19
0,1,1
1,1,1
0,1,3
0,1,1
1,1,1
0,0,105
0,0,3
1,0,1
1,1,3
0,0,1
0,1,4
1,0,1
0,1,3
0,0,8
0,1,1
1,1,6
0,1,6
0,0,76
0,0,8
0,0,2
1,0,22
1,0,3
0,1,10
0,1,4
0,1,5
0,0,1
1,1,1059
1,1,1
0,0,11
1,1,103
0,0,6
0,0,2
0,1,3
1,0,17
1,1,95
0,1,6
0,0,1
0,0,3
0,0,3
1,0,67
1,1,2
0,1,1
1,0,6
0,1,1
0,1,-1
0,1,1
0,0,49
0,1,15
1,0,1
0,1,11
1,1,2
0,1,2
0,1,2
1,0,2
0,1,1
0,0,4
0,0,25
0,1,3
0,1,5
0,0,1
0,0,12
0,0,40
1,1,6
0,1,1
0,0,8
0,0,1
1,0,4
0,0,6
0,1,28
0,1,2
0,0,7649
0,0,3
0,0,2
0,1,1
1,1,3
0,1,8
0,1,42
0,0,0
0,0,2
0,0,1
0,0,669
0,0,176
0,1,23
0,0,2
1,1,1
1,0,536
0,1,3
0,0,93
0,1,1
0,1,3
1,1,3
1,0,4
0,0,3
0,0,8
1,1,31
0,0,210
0,0,1
0,0,2
0,0,44
0,0,2
1,1,10
0,0,12
0,1,13
0,0,4
0,1,24
1,1,1
0,1,4
1,1,1
1,1,1
0,0,0
0,1,131
0,1,1
0,0,1
0,1,8
0,1,-1
0,1,2
0,1,30
0,1,6
0,0,0
1,1,1
0,0,4
0,1,474
0,0,7
0,1,1
1,1,1
0,1,31
0,1,3
0,1,15
1,0,3
1,0,3
0,0,1
0,1,2
0,0,1233
0,1,41
1,1,2
0,1,2
0,1,2
0,0,5
0,1,40
0,0,5
0,0,3
0,0,11
0,1,4
0,1,9
0,1,25
1,1,2
0,0,8
0,1,2
1,0,1
0,1,20
0,0,64
0,1,6
0,0,4
0,0,76
0,0,3
0,0,25
1,1,7
0,1,2
0,1,5
0,0,1
0,0,8
0,0,25
1,1,21
0,1,83
1,1,3
0,0,6
1,1,2
0,0,44
0,1,49
0,1,4
1,0,2
0,1,12
0,0,2
0,0,1
0,0,12
0,0,3
0,0,46
0,1,2
1,1,39
1,1,-2
1,0,1
0,0,1
1,1,3
0,1,2
0,0,194
0,1,1
0,1,4
0,1,15
0,0,14
1,1,2
0,0,73
1,0,114
0,0,1
0,0,11
0,0,1
0,1,18
0,0,5
0,0,16
0,0,2
1,1,215
0,0,1
0,0,1
1,1,2
0,1,1
1,1,33
0,0,1
0,1,20
0,1,6
0,0,9
1,1,8
0,0,4
0,0,168
0,1,6
0,0,17
1,1,5
0,0,59
0,0,19
0,0,2
0,0,2
0,1,6
0,0,2
1,1,4
1,1,3
0,0,5
1,0,7
1,1,2
1,0,16
0,1,1
0,0,8
1,1,4
1,0,1
1,0,5
0,1,5
1,1,3
0,0,20
1,1,28
0,0,4
0,0,2
0,1,2
0,1,-7
0,1,32
0,1,4
0,1,3
1,0,71
0,0,4
1,0,3
1,0,7
0,0,8
1,1,3
0,1,59
0,0,1
0,0,31
0,1,-1
0,1,20
0,1,3
1,1,1
0,0,25
0,0,1
0,0,3
0,0,9
0,1,11
0,0,26
0,1,3
1,0,83
0,0,1
1,1,1
0,1,148
1,0,43
0,0,10
0,1,200
1,0,67
1,1,45
0,1,1
0,1,28
0,0,24
0,1,11
0,1,3
0,0,5
1,1,58
0,1,21
0,0,2036
0,1,218
0,0,3
0,0,543
0,0,3
0,1,6
0,1,1
1,0,7
0,1,7
1,1,65
1,1,2
0,1,36
0,0,30
1,1,-2
0,0,1
0,0,-2
0,0,1
1,1,10
1,1,31
0,0,2
0,0,12
0,0,1
0,0,3
0,0,1
0,1,2
0,0,48
0,1,11
1,1,56
0,0,15
0,1,2
1,1,2
0,1,13
0,0,2
0,1,2
0,0,1
1,1,10
0,0,27
0,0,15
0,1,2
1,0,8
1,1,43
0,0,2
0,0,2
0,1,27
0,0,78
0,1,2
1,1,2
0,1,3
0,0,221
0,0,60
0,0,3
0,1,5
0,1,1
1,1,3
0,1,5
0,0,7
0,0,1
0,0,1
0,1,25
0,1,3
0,0,1
0,1,29
1,1,2
0,1,2
0,1,2
0,1,10
1,0,37
0,0,21
1,1,6
0,1,6
0,1,2
1,1,-36
1,1,1
0,0,4
0,0,2
0,0,15
0,0,1
1,0,3
0,0,4
1,1,20
1,1,17
0,0,1
0,0,36
1,0,49
0,1,2
0,0,8
0,0,92
0,0,1
0,0,3
1,0,11
0,1,2
0,0,2
0,1,3
0,1,8
0,0,13
0,0,39
0,0,63
1,0,220
0,0,9
0,0,10
1,0,2
0,0,85
0,0,188
0,1,5
1,1,2
0,0,9
0,1,1
0,0,2868
1,0,2
0,1,6
0,0,3
0,1,113
0,0,1
0,0,4
0,1,4
0,0,7147
1,1,4
0,1,39
0,0,13
0,0,4
0,0,104
0,0,6
0,1,64
1,0,1
1,0,10
1,1,1
1,1,1
0,0,186
0,0,607
1,1,5
0,0,1
0,0,5
0,1,1
0,1,3
0,0,7
0,0,14
1,0,29
1,1,1
0,0,46
0,1,7
0,0,26
1,1,1
0,0,3
1,0,1
0,1,1
1,1,38
0,1,3
0,0,4
1,1,20
0,1,7
0,1,88
0,1,1
0,0,1
0,1,1
1,1,4
0,0,10
1,0,90
0,0,5
1,0,99
1,1,95
1,1,5
0,1,4
0,0,4
1,1,-1
0,0,2
0,1,26
0,0,11
0,1,3
0,1,38
0,0,54
1,0,2
0,0,1
0,1,29
0,0,2
0,1,2
0,1,1
0,0,3
0,0,1
0,1,22
1,0,66
0,0,6157
0,0,3
1,0,2
1,1,29
0,0,20
0,0,201
0,1,59
0,1,7
1,1,6
0,0,1
0,0,19
0,1,-1
0,1,2
1,0,1
1,0,18
0,1,2
0,0,10
0,1,17
0,1,19
0,0,7
0,1,1
0,0,2
0,1,1
0,0,2
0,1,1
0,1,4
0,1,53
1,0,3
1,1,3
0,0,693
0,0,3
0,0,1
0,0,60
0,0,1
0,0,50
1,1,1
0,1,24
0,1,223
0,1,16
0,0,32
0,1,1
0,0,1893
1,1,2
1,0,10
1,1,-3
0,0,1
0,1,2
1,0,13
0,0,6
1,0,2
0,0,2
1,0,2
0,0,1
1,1,3
0,1,2
1,1,4
1,0,442
1,1,1
1,1,1
1,1,3
0,1,2
0,0,265
1,1,5
0,0,35
0,1,1
1,1,1
0,0,12
0,0,98
0,1,1
0,0,213
0,0,7
0,0,11
0,0,57
1,1,5
1,1,1
0,0,7
1,1,2
0,0,6
0,1,16
0,0,1
1,0,17
0,0,30
0,0,6
1,1,2
0,1,3
1,0,3
1,0,242
0,0,5
0,1,3
0,1,1
1,1,16
1,1,1
0,0,3
1,1,31
1,0,2
0,0,14
0,0,2
0,1,8
1,1,1
0,1,2
1,1,5
0,0,1
1,1,3
1,1,1
0,0,1
0,0,13
0,0,7
1,0,7
1,1,4
0,0,4
0,1,0
1,1,17
1,1,29
1,1,2
0,0,249
0,0,295
0,0,2
0,1,7
1,1,1
1,0,6
0,1,2
0,1,3
1,1,7
1,0,2
0,0,10
0,0,10
0,1,2
0,1,35
0,0,4
0,0,3
0,1,0
1,1,2
1,0,9
0,0,8
1,1,1
0,1,-6
0,0,286
0,1,2
0,0,2
1,1,1
0,0,6
0,0,11
1,1,28
1,1,10
1,1,1
0,1,33
0,0,5
0,1,14
0,0,32
0,1,2
1,0,2
0,0,4
0,1,1
0,0,2
0,0,4188
0,1,12
0,0,157
0,0,27
0,1,13
0,0,16
0,0,262
0,0,13
0,1,45
0,0,23
0,1,1
0,0,6
1,1,3
0,0,8
1,0,64
1,1,-4
1,1,7
1,1,6
1,1,2
0,0,60
0,1,22
0,0,166
0,1,1
1,1,1
0,1,4
0,0,10
1,1,3
0,0,1
0,1,11
0,0,189
0,1,12
0,1,2
0,0,1
0,1,1
0,0,0
0,0,3
0,1,4
0,1,9
0,0,3
0,1,-7
0,1,2
1,1,5
0,0,12
0,1,168
0,1,3
0,0,8
1,1,3
1,1,1
0,0,2
0,0,102
0,0,14
0,0,33
0,0,1
0,0,4
1,1,89
0,1,2
1,1,2
0,0,1
0,1,3
0,0,14
0,0,16
0,0,10
0,0,1
0,1,200
0,1,245
0,0,5
1,1,2
0,1,2
0,1,1
0,0,13
1,1,1
0,0,5
0,1,1
0,1,24
0,0,25
0,1,3
1,1,46
0,1,-1
1,0,56
0,1,1
0,1,45
0,0,21
0,1,7
1,1,4
0,1,2
0,0,1
0,1,93
0,0,6
1,0,429
0,0,1
1,1,2
0,0,3
0,1,33
1,1,40
0,0,15
0,0,12
1,0,1
0,1,2
1,1,2
0,1,2
0,1,292
1,1,-6
0,0,197
1,1,7
0,0,2
1,0,6
1,1,1
0,1,7
0,0,7
0,1,7
1,1,1
1,0,2
1,0,5
0,0,4
1,1,1
0,0,30
0,1,1
0,1,7
0,1,2
0,0,1
0,0,3
0,1,3
1,1,3
1,0,11
0,0,2
0,1,2
0,1,5
0,1,4
0,0,1
0,1,40
1,0,1
0,0,3
1,1,62
1,1,12
0,1,13
0,1,9
0,1,5
0,1,34
0,1,6
0,1,1
0,1,47
1,1,2
0,0,7
0,1,1
1,0,36
0,1,1
0,0,2281
0,0,137
0,0,25
1,1,6
0,0,4
0,0,129
0,0,7
0,1,4
0,1,1
1,1,2
1,0,50
0,1,3
0,1,8
0,0,7
1,1,1791
1,1,3
0,1,38
0,1,429
0,0,5
0,1,2
0,0,1161
0,0,3
1,1,24
1,1,7
1,0,11
0,1,40
0,1,22
0,0,4892
1,1,24
0,0,10
0,1,43
0,0,10
0,0,1
1,1,68
0,0,1
1,1,3
0,1,2
1,1,68
1,0,10
0,1,2
0,0,6
1,1,2
0,1,4
0,1,6
0,0,5
0,1,7
0,1,9
0,0,1
1,1,7
0,1,3
0,1,20
0,1,17
0,1,2
0,0,-4
1,1,2
0,0,5
0,1,31
0,0,45
0,0,1
0,1,15
1,1,1
0,1,1
1,1,2
0,1,6
1,0,1
0,0,171
1,0,84
1,1,3
1,1,575
0,1,2
1,1,7
0,1,1
0,0,2
0,1,2
0,0,1
0,1,3
0,1,4
1,1,26
0,0,1
0,0,2
1,0,2270
1,0,60
0,1,2
0,1,0
0,1,8
1,0,3
0,0,61
1,1,2
0,1,1
0,1,1
0,0,54
0,1,-11
0,1,7
0,0,32
0,1,2
0,0,1
0,0,3
1,1,164
0,1,3
0,1,15
0,0,3
0,0,3
0,0,3
0,1,542
1,1,169
0,1,2
0,0,1
1,1,1
1,1,2
0,0,3
1,1,9
1,0,188
0,0,2
0,1,1
0,0,1
1,0,1
0,0,10
0,0,1533
1,1,12
0,1,1
1,1,1
1,1,3
0,0,5
1,1,4
0,0,240
0,1,47
0,1,4
0,0,3
0,1,3
1,0,5
1,0,14
0,1,1
0,0,3
0,1,3
1,1,2
0,1,1
0,0,5
0,0,18
0,1,2
0,0,1
0,1,15
0,0,5
0,1,6
0,0,7
0,0,3
1,0,4
1,1,5
0,0,57
0,1,5
1,1,1
0,1,32
0,0,1
0,0,9
1,0,1
0,0,1
0,1,2
0,0,20
0,1,8
0,0,8
1,0,1
0,1,-1
0,1,3
0,1,7
0,1,278
0,0,2
0,0,518
0,0,11
0,1,4
0,0,5
0,1,2
0,0,1
0,0,303
1,1,14
0,0,1
0,1,3
1,0,3
1,1,80
1,1,3
0,1,2
0,1,2
0,0,6
1,1,1
0,0,2
0,0,82
0,0,3
0,1,2
0,0,1
0,0,11
0,1,0
1,1,19
1,1,2
1,1,2
0,1,2
1,0,248
0,1,2
0,0,16
0,1,43
0,0,1
0,0,6
0,1,3
1,1,10
1,0,1
0,0,6122
0,0,41
0,1,2
0,1,2
0,1,37
0,0,11
0,1,2
0,0,17
0,0,2
0,1,320
0,1,190
0,1,4
0,0,1
1,1,1
0,1,1
0,0,9
0,1,2
0,1,11
0,1,1
1,0,2
0,0,8
0,0,20
0,1,6
1,1,18
0,0,92
0,0,3
0,0,16
0,0,2
0,0,22
0,1,-4
0,0,60
0,1,11
0,1,1
0,0,7
0,0,495
0,0,48
0,0,124
0,0,3
0,1,1
1,0,1
0,0,1
1,1,5
1,1,2
0,1,23
1,0,24
0,0,22
0,0,6
0,0,-2
0,0,6
0,0,1
1,1,31
0,1,1
0,0,6
0,1,5
1,0,1
0,0,5
0,1,5
1,0,2
1,1,7
0,0,77
0,0,1
0,1,16
0,1,1
0,1,3
1,1,10
1,1,7
0,1,1
0,1,44
0,1,39
0,1,1
0,0,2
0,0,3
0,0,3
0,0,2313
0,0,21
0,0,9
0,1,3
1,0,2
1,1,32
1,1,2
0,0,2437
0,0,10
1,0,1
1,0,690
0,0,1
0,1,456
1,1,39
1,1,1
0,0,288
0,0,117
0,0,104
0,0,1
0,0,2
0,1,0
0,0,75
1,1,2
1,1,52
0,0,4
0,1,39
1,1,1
1,0,8
0,1,57
1,0,35
0,0,4
0,0,1
0,1,5
0,0,1
0,0,32
0,0,6
1,1,2
0,0,8
1,1,5
0,0,4
0,1,2
1,1,50
1,1,5
1,0,3
1,1,7
0,0,2
0,0,18
1,1,2
0,0,1
0,0,1
0,1,74
0,0,17
0,1,4
1,1,27
0,0,2
1,1,33
1,1,3
0,0,4
0,1,0
0,0,56
1,0,1
1,1,9
0,0,3
1,1,2
0,1,14
0,1,26
1,1,1
0,0,4
0,1,4
0,0,62
1,1,148
0,1,6
0,1,3
0,0,9
0,1,13
0,1,1
1,0,8
1,1,13
0,0,10
0,1,5
0,0,44
1,0,19
0,0,49
1,1,3
0,0,71
0,1,3
0,1,2
1,1,5
1,1,2
0,0,500
0,1,1
0,1,7
0,0,3
0,1,1
0,0,2
0,0,1
1,1,1
0,0,7
0,0,2
0,1,28
0,0,1722
0,0,15
1,0,174
1,0,2
0,0,139
0,0,13
1,1,1
1,1,4
0,0,1114
0,0,6
0,1,2
0,1,5
1,1,149
0,1,79
0,1,1
0,1,2
0,0,1
0,0,1
0,1,7
1,1,1
0,1,1
1,1,6
1,1,13
0,1,0
0,0,2
1,1,27
0,1,1
0,0,52
0,0,1
0,0,11
0,0,129
0,1,2
0,1,186
0,0,11
0,1,1
0,0,2
0,1,3
1,1,1
0,0,-7
0,1,41
1,0,9
0,0,70
1,0,5
1,0,22
0,0,1
0,0,314
0,0,90
0,0,3
1,1,0
0,0,953
0,1,63
0,1,10
1,0,1
1,0,40
0,0,6
0,0,2
0,1,1
0,1,4
1,0,2
1,1,3
0,1,29
1,0,1
0,1,9
1,0,16
0,0,329
0,1,1
0,0,1377
0,0,258
0,0,2
0,0,22
0,0,2141
0,0,18
0,0,15
1,1,1
1,1,141
1,0,2
0,1,30
0,0,2
1,0,3
0,0,36
1,1,8
0,0,21
1,1,1
0,1,0
1,1,1
0,1,2
0,1,4
1,0,80
0,0,51
1,0,1
0,1,31
0,1,21
1,1,12
0,0,5
1,1,30
0,1,0
0,1,0
1,1,2
0,1,2
0,0,3
0,0,435
0,1,14
0,1,2
0,0,9
0,1,33
0,0,1
0,1,6
0,0,7
0,0,1
0,1,25
0,0,1
0,1,161
0,1,3
1,0,1
0,0,1
0,1,3
0,1,2
0,0,4
0,0,5
0,1,1
0,0,4
1,1,16
1,1,5
0,0,2
0,1,1
1,1,115
0,1,9
1,1,29
0,1,17
1,0,12
1,1,21
1,1,59
0,0,53
1,1,1
1,1,455
0,1,3
0,0,4
0,0,6
0,0,12
0,0,101
0,1,1
0,0,1
1,0,56
0,0,5
0,0,2
0,1,1
1,1,-2
0,0,5
0,1,9
0,0,1
0,0,17
0,0,1
1,1,9
1,0,328
1,0,19
0,1,19
0,1,5
0,1,2
0,1,2
0,0,709
1,1,11
0,0,362
0,0,1
0,0,160
1,1,4
0,0,2
0,1,2
0,1,6
0,1,4
0,1,4
0,1,2
1,1,7
0,1,14
0,1,2
0,0,7
0,1,1
1,0,21
0,0,1
1,1,2
0,1,5
0,1,19
0,0,1186
0,0,-1
0,1,5
1,1,1
0,1,1
1,0,4
1,0,112
0,1,10
0,1,1
0,0,5
1,1,3
0,0,3
0,0,6
1,0,7446
0,1,4
0,0,57
0,1,4
0,0,1
1,0,7
0,0,2
0,0,1
0,0,1
1,0,5
0,1,3
0,0,2
0,1,22
0,1,4
0,1,8
0,0,469
1,0,1
0,1,-2
0,1,1
0,0,8
0,0,11
1,1,1
0,1,6
0,0,1
1,1,9
1,1,20
0,1,5
0,1,4
1,0,3
0,1,12
0,0,111
0,1,12
0,0,64
0,0,74
0,0,3
1,0,1
0,0,104
1,0,1
0,0,113
0,1,3
0,1,17
0,1,1
0,1,8
0,0,18
1,0,30
0,0,1
1,1,2
0,0,1
1,0,1
0,1,2
1,0,17
1,0,2
1,1,1
0,0,3
0,0,3
0,0,4
0,0,26
0,1,44
0,0,54
1,1,5
1,0,8
0,1,1
0,0,27
1,0,43
0,0,67
0,1,1
0,0,1
0,0,5
1,1,3
0,0,292
0,1,1
1,1,6
0,0,1419
0,1,4
1,1,4
0,1,82
0,1,6
0,0,37
0,0,-8
1,1,123
0,0,1
0,0,218
0,0,6
1,1,3
0,0,1
0,0,166
0,1,-1
0,1,3
1,0,21
0,0,1
0,1,2
0,0,7
0,0,1
0,0,11
0,1,2
0,0,1
0,0,2
0,1,-1
0,1,2
0,0,88
0,0,6
1,1,11
0,1,1
0,0,35
1,1,2
1,1,3
0,1,206
1,1,93
0,0,1
0,0,-1
0,0,2
0,1,1435
0,0,4
0,0,1138
0,0,1
0,1,106
0,0,59
0,0,17
0,1,10
1,0,3
0,0,56
0,0,33
0,1,113
0,1,29
0,1,2
0,0,14
0,1,198
0,0,2509
0,1,1
1,1,2
0,0,8
1,0,54
1,1,1
0,1,6
0,1,2
0,1,4
1,1,1
0,0,17
0,0,7
1,1,1
1,1,-8
0,0,28
0,1,3
0,1,9
0,0,1
0,0,15
0,0,1
0,1,6
0,0,4
0,0,3
0,0,17
1,1,1
0,0,11
0,0,21
0,1,10
0,0,1
0,1,10
1,1,2
0,0,38
1,0,81
0,1,2
1,1,-14
0,1,1
1,0,1
0,1,5
0,0,5
0,0,2
1,1,577
1,1,9
0,0,4
1,1,2
0,0,83
0,0,12
0,0,23
0,0,1
0,1,2
1,1,3
0,1,32
1,1,40
1,0,1
1,1,3
0,1,6
0,0,2
1,1,699
1,0,10
0,1,46
0,0,2
0,1,1
0,0,2
0,0,86
1,0,65
0,1,1
0,0,2
0,1,9
1,0,62
0,0,4
0,0,6
0,1,3
0,0,14
1,1,2
0,0,1
0,1,5
1,0,4
0,0,2
0,0,37
0,0,52
0,0,62
0,1,3
0,0,371
1,0,1
0,0,24
1,1,0
1,0,12
0,0,1
0,0,232
0,1,2
0,0,6
1,1,9
0,0,747
0,0,7
1,0,64
0,0,17
0,1,1
1,1,4
0,0,2
1,1,1
0,0,1
0,1,10
1,1,19
0,0,207
0,0,12
0,1,7
0,0,13
0,0,2
1,0,39
0,1,5
0,0,3
0,0,40
1,1,25
0,1,106
0,0,11
0,0,95
1,1,2
1,0,1
0,0,2
1,1,18
0,1,3
0,1,3
0,1,1
0,0,7
0,0,1
0,1,300
1,1,5
1,0,583
0,1,2
0,1,2
0,0,39
0,0,2
1,1,2
1,1,24
0,1,1
1,0,3
0,0,4
0,1,46
0,1,12
0,0,3
0,0,1
1,0,2
0,1,1
0,0,4
0,1,1
0,1,2
1,1,2
0,1,5
0,1,8
0,0,10
1,0,105
1,1,2
0,0,20
0,1,10
0,1,42
0,0,30
0,0,15
1,0,2
0,0,6
0,0,2
0,1,10
0,1,4
1,1,4
0,0,131
1,1,3
0,0,1
0,0,7
0,0,212
1,1,2
1,0,31
0,1,55
0,1,54
0,1,9
0,1,3
0,0,1
0,1,2
0,1,8
0,0,3
0,1,5
0,0,2
0,1,23
0,0,5
1,1,21
1,1,10
0,0,1
0,0,5
0,1,2
0,0,1
0,1,18
0,1,4
1,0,29
1,1,44
0,1,0
0,0,1
0,1,15
0,0,1
1,1,5
0,0,21
1,1,1
1,1,2
0,0,3
1,0,6
0,1,4
0,1,10
1,1,3
1,0,2
0,1,1
0,0,16
0,1,5
0,1,32
0,1,1
0,0,8
0,1,2
0,0,14
0,1,46
0,1,1
0,0,1569
1,0,6
0,1,7
0,1,-5
1,1,2
0,0,8
0,0,23
0,0,1
0,0,1
0,1,32
0,0,1
1,0,3
0,0,3
0,1,3
0,0,48
0,1,77
0,0,7
0,1,1
1,1,253
0,1,45
0,0,1
0,1,2
0,1,2
0,1,2
0,0,3
0,0,57
0,0,31
0,0,2
1,1,43
0,0,22
0,1,12
1,1,6
0,1,1
0,0,20
0,0,2
0,0,11
0,1,1
1,1,2
0,1,59
1,1,8
0,0,3
1,0,661
1,1,-2
0,1,2
0,0,2
0,0,21
0,1,3
0,0,5
0,1,3
0,1,3
0,0,27
0,0,1725
1,1,5
0,1,11
0,1,3
1,0,2
0,1,15
0,0,5
1,1,5
0,0,2
0,1,1
0,0,3
0,0,9
0,1,0
0,1,17
1,0,2
1,1,25
0,0,68
1,0,195
1,0,3
1,0,5
1,1,1
0,1,1
1,0,13
1,1,-2
0,1,0
0,0,46
0,0,4795
1,0,3
0,0,2
0,0,4
0,1,15
0,1,36
0,0,1
0,1,1
0,1,1
0,1,3
0,1,4
0,0,23
0,0,264
0,0,7
0,0,17
0,0,102
0,1,4
0,1,2
1,0,2
1,0,5
0,1,4
0,0,1
0,0,8
0,1,17
0,1,4
0,0,334
0,0,21
0,0,1
1,1,7
0,1,2
1,1,3
1,1,3
0,1,10
0,0,42
0,1,22
0,0,1
0,0,37
1,0,1
1,1,2
1,0,1
1,1,30
1,1,3
0,1,1
0,0,266
0,0,93
0,1,30
1,1,3
0,1,8
1,0,1
0,1,3
1,1,1
0,0,8
1,1,5
0,1,2
1,1,1
0,1,3
0,1,8
0,0,55
1,1,23
0,0,48
0,0,1
0,1,5
1,1,13
0,1,4
1,0,174
0,0,1
0,1,2
0,1,1
0,1,38
0,0,3
1,1,8
0,1,2
1,1,5
0,1,13
0,0,86
0,0,273
0,0,427
1,0,1
1,0,25
0,1,1
0,0,2
0,0,379
0,0,14
0,0,2
1,0,7
0,0,3
0,1,1
0,1,2
1,1,15
0,0,3
0,0,11
1,0,1
0,0,17
0,1,1
0,1,7
0,0,3
0,1,1
1,0,29
0,0,34
0,0,2
1,1,90
0,1,2
0,0,2
0,0,2
1,0,1
1,1,1
0,0,2495
0,1,29
1,1,22
1,0,25
0,1,1
1,1,8
0,1,4
0,1,2
0,1,2
0,1,7
0,0,1
1,1,4
0,1,8
0,1,30
0,1,4
0,0,1
0,1,6
0,0,200
0,0,2686
0,0,2
0,0,15
1,1,2
0,0,19
0,1,2
0,0,1
1,1,2
0,0,8
0,0,3
0,0,4
0,1,8
0,0,2
0,1,1
0,1,1
0,0,1
0,1,1
0,0,7
1,0,10
0,1,3
0,0,144
0,1,45
1,1,2
0,1,8
1,1,2
0,0,7
0,1,3
1,1,8
0,0,1
0,0,356
1,1,1
0,1,14
1,1,13
0,1,8
1,1,1
1,1,12
0,0,4
1,1,6
0,0,0
0,1,9
0,1,2
0,0,85
0,1,4
0,1,29
0,0,15
1,1,3
0,0,6
0,1,78
0,1,16
1,1,3
1,0,1
0,0,1
0,1,1
0,1,2
0,1,30
0,0,3
1,1,5
0,0,7
1,0,17
0,0,3
1,1,2
0,1,16
0,0,37
1,1,2
0,0,1
0,1,6
1,1,0
0,0,1
1,0,1
0,1,54
0,1,2
0,1,2
1,0,79
1,0,1
1,0,3
0,1,3
1,1,298
0,0,123
0,0,1
0,1,3
0,0,237
0,0,5
0,1,7
1,0,7
0,0,0
1,1,814
0,1,36
0,0,4
0,0,1
0,0,-1
0,1,2
0,0,56
0,1,23
0,0,5
0,1,2
0,0,1
0,0,17
0,0,678
1,1,3
0,1,1
0,0,6
1,0,59
1,0,3
0,0,4
0,0,19
0,1,1
0,0,50
0,1,39
0,1,1
1,0,39
1,1,2
1,1,4
1,1,1
1,1,8
1,1,2
0,0,6
1,0,1
1,0,16
0,0,3
1,1,6
0,0,572
1,1,11
1,1,1
0,0,1
0,1,2
0,1,63
0,0,8
0,0,10
0,1,12
1,1,23
0,1,2
0,0,1
0,0,73
0,0,11
0,1,29
0,1,4
0,0,34
1,1,89
0,1,9
0,0,39
1,1,2
0,0,29
0,0,88
1,0,3
0,0,61
0,0,2
1,1,8
0,0,523
1,0,2
0,1,2
0,1,4
1,1,1
0,0,1
0,1,71
1,1,88
1,1,2
1,1,0
1,0,2
0,1,3
1,1,59
0,0,2
0,1,28
1,0,4
0,0,38
0,0,7
0,0,69
0,1,23
1,1,7
1,1,2
0,1,7
1,0,2
1,1,1
0,0,1
1,1,2
1,1,1
0,1,17
0,1,8
0,1,18
0,1,8
0,1,3
0,0,3
1,0,2
1,1,2
0,1,15
0,0,83
0,1,14
1,1,2
0,1,2
1,1,3
0,0,16
0,0,-2
0,1,12
1,0,3
1,1,5
0,0,91
0,0,-1
1,1,1
1,1,7
1,0,5
0,0,6
0,0,8
0,0,3
0,1,46
0,0,2
0,0,1
0,1,3
0,1,2
0,1,3
0,0,9
1,1,5
0,0,1
0,1,15
0,0,11915
0,0,1
0,0,368
0,0,71
1,1,3
0,1,20
1,0,1
1,0,70
0,0,5
0,1,2
0,0,7
0,1,1
1,1,1
0,0,131
1,1,2
1,1,15
1,1,-2
0,1,1
1,1,26
0,0,9
0,0,1
0,1,1
1,1,0
0,0,3
0,0,-3
0,1,1
0,1,27
0,0,37
0,1,1
0,0,2
0,0,140
1,1,17
0,0,6
0,0,14
1,1,1
1,1,311
1,1,1
0,0,6
0,0,2
0,0,8
0,1,1
0,1,5
0,0,72
0,0,2
0,1,2
0,1,64
0,0,8
1,0,1
1,1,3
0,0,2135
0,0,9
0,1,4
0,1,1
1,1,2
0,0,86
0,0,-1
0,0,5
0,0,2
0,0,20
1,0,2
0,0,2
0,0,1
0,1,1
0,0,1
0,0,2
0,0,1
0,1,1
0,0,160
1,0,1
0,0,2
0,0,5
0,0,2
0,0,9
1,1,3
1,0,2
0,1,31
0,1,6
0,0,696
0,1,1
0,0,2
0,0,3
0,1,11
0,0,2
0,0,2
0,0,3
1,1,11
0,0,5
0,0,8
0,1,3
0,1,3
1,0,2
1,1,10
0,1,-1
1,1,2
0,0,3
0,0,28
0,0,3265
0,0,9
1,1,1
0,1,6
0,0,96
0,1,6
0,0,34
1,1,1
0,1,4
0,1,62
1,0,1
1,1,1
0,1,39
0,1,11
0,1,1
0,0,2
1,1,1
0,1,392
0,0,123
0,0,1
1,1,3
0,0,9
0,1,3
1,1,2
0,0,1
0,0,14
1,0,45
0,0,60
0,1,2
0,1,2
0,0,21
0,0,1
1,1,67
1,1,8
1,1,9
0,1,1
0,1,1
1,1,13
0,0,1
0,1,3
1,1,0
0,0,954
0,1,5
0,1,2
0,0,8
0,0,3
0,0,31
0,1,3
0,1,1
1,0,3
1,0,25
1,0,1
0,0,3
1,1,90
0,0,13
0,0,1
0,1,12
0,0,15
0,1,12
1,1,1
1,0,611
0,0,2
1,0,3
0,1,1
0,0,65
0,0,34
0,0,6
0,0,11
1,1,7
1,0,1240
0,1,0
0,1,21
0,0,1
0,0,65
0,0,2
0,0,2
1,0,1
0,1,3
0,1,82
0,1,1
1,1,2
0,0,8
0,0,48
1,1,5
1,0,519
0,1,3
0,0,1
0,0,1
0,1,83
0,1,7
0,1,11
0,0,1
0,1,6
0,1,3
0,1,-5
0,0,41
0,0,4
0,1,1
0,0,1
0,1,2
0,1,3
0,1,2
0,1,1
0,0,2
0,1,110
0,0,47
0,1,8
0,1,1
0,1,2
1,0,4
0,1,2
0,0,1
0,0,1
0,0,1
0,0,1
1,1,14
0,1,3
0,1,6
0,0,2
0,0,1
0,1,2
0,1,4
1,1,1
0,1,15
0,1,3
1,0,2
1,0,2
0,1,1
0,0,89
0,0,6
0,0,3
1,0,14
0,1,5
0,1,2
0,0,1
0,1,6
0,0,63
0,1,26
1,1,3
0,0,-7
0,0,2
0,1,20
0,0,1
0,1,1
0,1,1
0,0,1
0,0,2
0,0,16
0,0,11
1,1,2
0,1,70
0,0,15
0,1,8
0,0,2475
1,1,4
0,1,-14
0,0,44
0,0,2
0,1,45
0,0,58
0,1,2
1,1,20
0,0,1
1,0,17
0,1,1
1,1,2
0,0,7
0,1,5
0,1,1
0,0,59
0,0,-11
0,0,3
1,1,1
0,1,1
1,1,5
0,0,15
1,1,2
1,1,63
1,1,64
0,1,1
0,0,12
0,0,97
0,0,1
0,1,115
1,1,1
0,0,19
0,0,65
0,0,3
0,0,159
0,1,1
0,0,1
1,0,19
0,0,162
1,1,5
0,0,1
0,1,5
0,1,-1
0,0,65
0,0,1
0,1,3
1,1,0
0,1,4
0,0,61
0,0,1
0,0,109
0,0,1
0,1,2
0,1,147
1,0,1
0,1,2
1,1,1
0,1,339
0,0,1
0,0,38
0,1,1
0,1,5
0,0,1
1,0,8
0,1,27
0,0,323
1,1,8
1,1,7
1,0,3
0,0,89
1,1,4
0,1,1
0,1,62
1,1,3
0,0,1
1,1,2
1,1,2
0,0,2
1,0,9
1,0,366
0,0,170
0,0,269
0,0,28
1,0,2
0,0,3
0,1,17
0,1,8
0,1,2
1,1,47
0,0,1
0,0,23
1,0,1
0,1,-2
0,1,2
0,0,47
0,1,1
0,1,4
1,0,1
0,1,2
0,0,30
0,0,445
0,1,-10
1,1,7
0,0,1
0,1,6
0,0,29
0,1,5
1,1,2
1,0,2
0,1,2
0,0,2
0,1,107
0,1,1
0,1,3
1,0,4
0,1,5
0,0,12
0,0,18
0,0,11
0,1,2
1,1,1
0,0,234
0,0,18
0,0,4
0,1,4
1,1,1
1,1,2
0,1,11
0,1,0
1,1,54
0,0,50
0,0,9
1,0,3
0,0,2
0,0,1
0,1,23
1,0,2
1,0,81
1,1,2
0,0,1
0,1,0
0,0,1
0,0,1
1,1,2
0,1,602
1,0,5
0,0,3
0,0,2
1,1,536
0,1,7
1,0,8
0,0,1483
0,0,7
1,0,31
1,1,14
1,1,4
0,0,12
1,1,7
0,0,82
1,1,5
0,0,97
0,0,2
0,0,12
0,1,9
1,1,3
1,0,1
1,1,11
0,1,3
0,0,3
0,0,50
0,0,58
0,1,2
0,1,27
0,1,13
0,0,9
0,1,3
0,1,6
0,0,2
0,0,3
1,1,20
0,0,11
1,1,2
0,0,2817
0,1,8
0,1,1
0,1,3
0,0,3
0,1,773
1,1,30
0,1,32
1,1,2
0,0,9
0,1,3
1,1,2
0,1,2
1,1,2
0,1,1
0,0,1
0,0,76
0,1,2
0,1,2
0,0,8
1,1,8
1,1,224
0,1,0
1,0,97
0,0,13
0,1,10
1,0,7
0,0,31
0,0,639
0,1,2
0,1,29
0,1,33
0,1,48
0,1,4
0,1,3
0,0,1191
0,0,3
0,0,1
1,1,19
0,0,18
1,1,7
1,1,6
0,1,43
0,1,2
0,0,23
0,1,4
0,1,8
0,0,1
0,0,2
0,1,1
0,0,1
0,0,1
1,0,49
0,0,1
1,1,68
1,1,1
0,0,91
1,1,1
1,0,19
0,1,-1
1,0,2
1,0,2
0,0,1
0,1,3
1,1,79
0,1,127
0,1,2
0,0,2
1,0,70
0,0,313
1,1,3
1,0,2
0,0,7
0,1,10
0,0,23
0,0,140
0,0,16
0,1,2
0,1,10
0,0,2
0,1,70
0,0,2
1,0,4
0,0,1
0,0,3
1,1,4
0,1,2
1,0,3
0,0,536
0,1,6
1,0,3
0,1,1
0,0,1
0,0,5
1,1,1
1,1,2
0,1,9
0,0,2
0,1,15
0,1,20
0,0,2
0,1,3
0,1,3
0,0,364
0,0,15
1,1,6
0,0,71
0,1,67
1,1,22
0,1,6
0,1,31
0,1,1
1,1,1
0,1,2
0,1,2
0,0,13
0,0,30
1,0,1
1,0,52
0,0,29
1,1,2
1,1,106
0,0,102
0,0,5
0,0,7
0,0,2
0,0,16
0,0,8588
0,0,1
0,0,27
1,0,1
0,0,2
0,1,1
1,1,8
0,1,2
0,1,1
0,1,-3
0,0,1
0,1,2
0,1,-17
0,1,47
0,1,474
0,0,1115
1,0,1
0,1,5
1,1,4
0,0,81
0,1,1
0,1,1
0,1,1
0,0,1
0,0,14
0,1,2
0,1,2
1,1,2
1,0,14
1,1,1
0,1,18
1,1,2
0,1,1
0,1,10
0,0,41
0,1,1
1,1,6
0,0,12
0,1,7
0,1,3
1,1,11
1,1,1
1,1,13
1,1,2
0,0,12
0,0,1
0,1,23
0,0,1
0,0,65
0,0,6
0,0,59
0,1,69
0,0,60
0,0,3
0,0,2
0,1,8
1,0,8
0,0,6
0,1,2
0,0,4
0,0,59
0,0,11
0,0,1
0,0,11
0,0,4019
1,1,2
1,0,1
0,0,37
1,1,3
0,0,22
1,1,2
1,1,3
0,0,1
0,0,1
0,1,4
0,1,2
0,1,3
0,1,2
0,0,524
0,0,1392
0,0,2
0,0,31
0,0,2767
0,1,5
1,1,2
0,0,1
1,0,1
0,1,13
0,0,85
0,1,3
1,1,4
0,1,1
0,0,55
0,0,2
0,1,410
0,0,-5
0,0,30
0,0,2
0,1,5
1,1,20
0,1,9
0,0,2
1,1,6
1,0,3
1,1,1
1,1,2
1,1,1
0,1,3
0,1,9
0,1,39
1,0,5
0,1,1
0,0,1
0,0,1
0,1,1
0,1,56
0,0,39
0,0,2
1,1,3
0,0,1
0,0,4
0,0,-3
0,0,65
0,1,17
0,1,1
0,0,3
0,0,12
1,0,6
0,0,2
0,0,1
0,0,2
0,0,10
0,0,764
1,1,3
0,0,3851
1,0,34
1,1,24
0,0,4
0,0,5
0,1,2
0,1,1
0,1,8
1,1,41
1,0,10
0,0,9
0,0,2
0,0,140
0,0,2
0,1,11
0,1,3
0,1,11
1,1,1
0,0,5
0,1,11
1,1,2
1,0,1
1,1,3
1,1,24
0,1,8
1,1,1
0,0,87
1,1,6
0,1,3
1,1,40
0,0,414
1,1,0
1,0,11
0,1,2
0,0,10
0,0,2
0,0,9
0,0,6
1,1,-10
1,1,2
1,1,1
0,1,107
1,0,128
0,1,6
1,0,13
0,0,4
1,0,1
1,1,384
0,0,4
0,1,15
0,0,31
0,0,11
0,0,50
0,0,1
1,0,2
0,0,277
0,0,1
0,0,1
0,0,1
1,1,4
0,0,5
0,0,5
0,1,10
0,0,22
0,1,32
1,1,1
1,1,1
0,1,14
0,0,2
1,0,1
0,0,4
0,0,1939
0,1,37
0,0,1
0,0,1
1,0,3
1,1,3
1,0,33
1,1,2
0,1,17
0,1,84
0,1,76
1,0,1
0,0,161
0,0,2
0,1,2
1,1,262
1,0,19
1,0,5
0,1,0
0,1,6
0,0,8
0,1,1
0,0,6
0,1,2
0,0,2
1,1,2
0,1,15
0,0,33
0,0,12
1,0,10
1,1,2
0,1,4
0,1,3
0,0,3
1,1,1
0,1,-1
1,0,51
1,0,51
0,0,1
1,1,6
1,1,10
0,0,14
1,1,3
0,1,13
0,0,-19
0,0,7
0,1,3
1,1,3
0,0,70
0,1,3
0,0,88
1,0,61
0,1,5
1,1,5
1,1,2
0,1,105
0,0,1
0,0,370
0,0,13
0,0,2
0,1,3
1,1,1
1,1,0
0,1,1
0,0,3
0,0,4
1,1,3
0,1,3
0,1,4
1,0,2
0,0,70
0,0,3
1,1,1
0,1,3
1,1,2
0,0,12
0,0,9
0,1,3
0,1,22
1,0,4
0,0,2
1,0,2
0,0,2
0,0,4
1,1,4
0,1,1
0,1,14
0,0,5
0,0,1
0,0,5
1,1,1
1,1,3
0,0,6
0,1,2
0,0,4
1,0,1
1,0,109
1,1,5
1,1,1
1,0,32
1,1,2
1,0,88
1,0,2
1,1,252
1,1,2
0,0,60
0,0,407
1,1,28
0,1,1
0,0,1
0,0,5
0,0,13
0,1,1
0,0,8
1,0,3
1,1,1
0,0,1
0,0,36
0,1,3
0,0,249
0,0,59
0,0,57
1,1,27
0,0,28
0,1,3
0,0,18
1,1,14
0,0,12
0,0,481
1,1,0
1,1,25
0,0,5
0,1,1
0,0,2069
0,0,6
1,1,50
0,1,38
1,1,103
0,1,9
0,0,1
1,1,4
0,1,6
0,0,3
0,0,34
0,1,7
0,1,13
0,1,27
1,0,219
0,1,6
0,0,1
0,1,6
1,1,59
1,1,12
0,0,47
0,1,4
0,1,2
0,1,2
0,0,6
0,0,2
1,1,1
1,0,1
0,1,1
0,0,2
0,0,2
0,1,5
1,1,4
0,1,2
1,0,10
0,1,5
0,1,2
0,1,-7
0,0,2
0,0,26
0,1,0
0,0,149
0,0,12
0,0,55
0,1,11
1,0,-1
0,1,3
1,1,10
1,1,8
0,0,146
0,1,1
0,0,1
1,1,2
0,0,2
0,1,4
0,1,2
0,0,4
1,1,1
0,0,18
0,0,3
0,1,7
0,0,18
1,0,8
0,0,2
0,0,14
0,0,4
1,1,10
0,0,281
0,1,3
0,1,2
1,1,37
0,1,3
0,1,18
1,1,13
0,1,4
0,1,5
0,0,7
1,0,3
0,0,8
0,0,29
0,0,39
0,1,6
1,1,48
1,1,2
0,1,1
0,1,17
1,0,6
0,1,1
0,0,30
0,1,14
0,0,5
0,0,209
0,0,47
1,0,1687
1,0,6
0,1,77
0,0,24
0,1,3
0,1,24
1,0,173
1,0,1
0,0,54
0,0,12
0,0,2
0,0,926
0,0,5
0,1,39
0,0,103
0,1,1
0,0,1
1,1,1
1,1,2
0,0,1
1,1,1
1,0,6
0,0,1
1,1,32
1,1,240
0,1,7
0,0,1
0,1,61
0,1,27
0,0,4
0,0,13
0,1,2
1,0,159
0,0,239
1,1,1
1,1,3
0,1,78
1,0,1
0,0,15
0,1,10
1,1,199
0,0,7
0,1,90
0,0,1
0,1,4
1,0,16
1,1,0
0,1,8
0,1,129
0,0,1
0,0,2
1,1,19
1,0,2
0,0,2362
1,1,2
0,1,2
1,1,20
0,0,1
0,1,11
0,1,4
0,0,1
0,0,1
0,1,5
1,1,16
0,0,1
0,1,10
1,1,4
1,1,9
0,1,1
0,0,3
1,0,13
0,1,4
0,0,3
0,1,87
0,0,57
1,0,1
0,0,3
0,0,2
0,1,1
0,0,1
0,1,5
0,1,61
0,1,-1
1,0,1245
1,1,5
0,0,1
0,1,136
0,0,1
0,1,1
0,0,3
0,0,3
0,0,3120
0,1,1
1,1,7
0,0,112
0,1,6
1,0,4
0,0,7
0,1,2
0,0,9
1,1,20
1,0,2
0,0,1
0,0,6
0,0,2
1,1,1
0,1,1
0,0,5
0,1,11
1,1,1
0,0,1
0,0,2
0,0,8
0,1,0
0,1,75
1,0,2
1,1,5
0,0,3
1,1,10
0,0,546
0,1,45
0,0,1
0,1,7
0,0,852
1,1,1
0,0,3
1,0,5
1,0,9
0,0,14
1,1,281
1,1,1
1,0,33
1,1,12
0,0,2
1,0,14
0,0,9
0,0,3
0,1,568
0,1,12
0,0,32
0,0,101
0,1,2
0,1,6
0,0,13
1,1,2
0,0,13
1,0,15
0,1,7
0,1,2
0,0,14
1,0,2102
0,0,226
0,1,124
0,0,2
0,0,5
0,0,24
0,1,37
0,1,3
0,1,141
0,0,2201
0,0,89
0,0,9
0,1,2
1,0,1
1,0,13
0,0,1
0,1,1
1,1,3
1,1,1
0,1,5
0,1,5
0,0,194
0,0,13
1,1,1
1,1,84
0,0,2
0,0,112
0,0,55
0,0,2511
1,0,34
0,0,76
0,1,20
0,0,6
0,1,1
0,1,12
1,0,25
0,1,0
1,0,2
0,1,0
0,0,1
0,0,47
0,1,38
1,1,13
1,1,94
0,0,1
0,0,1
0,1,69
0,1,3
0,1,8
0,0,1
1,0,1
0,1,58
0,1,3
1,1,3
0,0,13
0,1,6
0,0,2
0,1,6
0,1,5
1,0,3
0,0,1
1,1,2
0,0,79
0,0,1
0,1,5
1,0,3
1,0,10
0,0,14
0,1,4
0,0,41
0,0,31
1,0,16
0,0,22
0,0,5
0,0,7
1,0,1
1,1,9
0,1,4
0,1,1
1,0,64
0,1,-4
0,1,4
0,0,1
0,0,5
0,1,12
0,1,1
0,0,2
0,1,1
0,1,5
1,0,4
1,1,4
0,0,35
0,1,1
0,0,2
0,0,2
1,1,24
0,1,2
0,1,3
0,0,2348
0,0,29
1,1,1
1,1,3
0,1,1
0,1,150
0,0,342
0,0,144
1,1,1
0,0,19
0,1,2
1,1,2
0,0,44
0,1,14
0,0,49
0,0,2
1,1,2
0,1,6
1,1,95
0,1,1
0,1,9
1,0,1
0,1,15
0,0,1149
0,1,0
1,0,1
0,0,2
0,1,1
0,0,1
1,1,75
1,1,1
0,0,23
0,1,3
0,0,2
0,1,1
0,0,2
0,0,1
0,0,14
1,0,3
0,1,2
1,1,1
0,0,5
0,0,37
0,0,6
0,0,2
0,0,1
0,0,40
1,1,6
0,0,11
1,1,4
0,0,4
0,1,1
0,0,1
0,1,1
0,0,6
1,1,18
0,1,1
1,0,1
1,1,3
0,1,2
0,0,219
1,1,0
0,1,59
1,0,3
0,0,14
0,0,3
0,0,3
0,0,3
0,0,7
1,1,21
0,0,2
0,0,35
0,1,5
0,1,3
1,1,2
0,0,196
1,1,10
1,0,2
0,0,0
0,1,1
0,1,185
0,0,14
1,1,43
1,0,1
0,0,97
0,0,1
0,0,2
0,0,13
0,1,1
0,1,9
0,0,1
0,0,83
1,1,4
1,1,38
1,1,34
0,0,3
1,1,3
0,0,50
0,1,46
0,1,1
0,0,1
1,1,3
1,1,421
1,1,1
1,0,10
0,0,2
1,0,-1
0,0,1
0,1,4
0,1,1286
0,1,11
1,1,1
0,0,43
0,1,3
0,1,2
0,0,1
1,0,7
1,1,4
0,1,1
0,0,13
0,1,4
0,0,1
0,0,1
1,1,4
0,1,1
1,1,10
0,0,1
0,0,17
0,0,104
0,1,5
1,1,4
1,1,3
0,1,3
1,1,4
0,1,-5
0,0,2
1,1,57
1,1,3
0,1,1
0,0,10
0,0,1
1,0,165
1,1,2
0,1,11
0,1,3
0,0,6
0,1,-1
0,1,2
0,1,4
1,1,58
0,0,53
0,0,227
0,0,1
0,0,7
1,1,3
0,1,32
1,1,1
0,0,220
0,0,36
0,0,1
0,1,33
0,1,27
0,0,463
0,0,9
1,1,2
0,1,2
0,0,411
0,0,3
1,1,21
0,1,32
0,1,2
0,0,264
0,0,5
1,0,3
0,1,141
0,0,3
0,0,1
0,1,7
0,0,2
0,1,1
0,0,1
1,0,15
0,0,5
0,0,2
0,1,16
0,1,3
0,0,55
0,0,5
1,1,1
0,0,25
0,1,1
1,0,57
0,0,32
0,0,2
0,1,5
0,0,6
1,1,-1
0,0,2
1,0,55
1,1,11
1,1,1
1,1,7
1,1,-1
0,1,2
0,0,45
0,0,3497
0,0,4
0,0,2
0,0,26
0,1,46
0,1,6
1,1,2
0,0,2
0,1,1
0,1,58
0,0,1545
0,1,86
0,1,5
1,1,57
0,1,17
0,1,4
0,1,11
0,1,6
0,0,7
1,1,7
0,0,224
0,1,3
0,1,56
0,1,1
0,0,2
1,0,1
1,0,547
0,0,83
0,1,69
0,0,13
0,0,50
0,0,1
0,0,5
0,1,3
0,0,374
0,0,1
0,0,9
0,0,1
0,0,9
1,0,20
1,1,2
0,1,5
0,0,3
0,0,5
0,0,7
0,1,6
0,1,2
0,0,-2
0,1,3
0,0,2
1,1,13
0,0,1
1,0,56
0,0,113
1,1,12
0,1,5
0,0,2
0,1,2
0,0,3
0,0,1
0,1,4
0,0,128
0,0,12
0,0,16
0,1,2
1,0,4345
0,1,39
1,0,1226
0,0,1
0,1,-3
1,1,11
0,1,3
0,1,2
0,1,58
0,1,20
1,1,31
1,1,3
0,1,20
1,1,1
0,0,1
0,0,16
0,1,2
1,0,406
0,1,2
1,0,2
0,0,6
0,1,131
0,0,3
0,1,7
0,1,1
0,0,1
0,0,2
0,0,11
1,1,4
0,0,2
0,0,2
0,1,1
0,1,5
0,1,12
0,0,60
0,0,1
1,1,22
1,1,105
1,0,3
0,0,1
0,1,48
0,0,4
0,0,4
1,1,10
1,0,3
0,1,14
0,0,-2
0,1,26
0,0,3
0,0,1
0,1,3
1,1,1
0,0,14
0,1,146
1,1,84
0,0,4
0,0,29
0,0,35
0,0,71
1,1,16
0,0,347
0,0,4
0,0,3
1,1,1
0,0,1
1,0,18
1,1,2
1,1,1
0,0,1326
1,0,3
0,1,6
1,0,83
1,1,159
0,0,1
0,0,6
1,0,2
0,1,1
0,0,1033
1,1,1
0,1,1
0,1,5
0,0,14
0,0,12
0,0,2
0,0,246
0,0,1
0,1,2
0,0,1811
1,1,5
1,1,24
1,1,1
0,1,107
0,0,12
0,0,100
0,1,9
0,1,5
1,0,1
0,0,2
0,0,1
0,1,89
0,1,6
1,1,1
1,1,11
1,1,1
0,1,49
0,1,2
0,1,1
0,0,25
0,1,0
0,0,1
0,1,6
0,0,1169
0,0,54
1,1,28
1,1,8
0,0,1196
0,0,4
1,1,2
0,1,2
0,1,15
1,1,2
0,0,78
0,0,3
0,1,184
0,0,4
0,0,1
0,1,1
0,0,3
1,1,5
0,0,3
0,1,228
0,0,2
1,0,3
0,1,5
0,1,8
0,1,7
0,1,15
0,1,4
0,0,1
0,1,3
0,1,1
0,1,13
0,1,9
1,0,1
0,0,3
0,0,38
1,0,10
0,0,26
0,1,2
1,0,1
0,0,1
1,1,2
0,1,22
1,1,21
1,1,3
0,1,2
0,0,22
0,0,5226
1,1,0
0,0,13
1,1,3
0,0,276
1,1,9
0,1,18
0,1,2
0,1,3
0,0,1
0,0,53
0,1,6
0,0,1
1,1,1
0,0,16
1,0,50
0,1,3
0,1,4
0,0,11
0,0,1
0,0,102
1,1,1
1,0,9
0,1,1
0,0,51
0,0,2
0,0,4
0,0,16
1,1,3
0,1,289
0,0,9
1,1,1
1,1,39
0,0,2
0,1,6
0,0,13
0,1,4
1,1,3
0,0,1
0,0,643
0,1,39
0,1,3
0,0,17
0,0,2
0,0,7
0,1,14
0,1,66
0,1,1
0,0,30
0,1,3
1,1,115
0,1,5
0,1,3
0,0,2
0,1,1
0,0,15
1,1,53
0,0,1628
0,0,4629
0,1,79
1,1,3
1,0,55
1,1,6
1,1,1
0,0,2
0,1,3
0,0,265
0,0,1206
0,1,3
1,0,1
0,0,1
1,0,1
1,0,2
0,0,16
0,1,35
0,0,6
0,1,29
0,0,1
1,1,11
0,1,0
0,0,726
0,1,2
0,1,2
1,0,39
0,1,15
1,1,2
0,1,122
0,0,1
0,0,1
0,0,84
0,0,1384
0,0,3
1,0,1
0,1,1
0,0,1
1,1,2
0,0,3
0,1,24
0,1,6
1,1,21
0,0,3
0,0,26
1,1,1
1,1,-2
1,1,6
0,1,1
1,1,2
0,0,4
0,0,54
0,0,55
0,1,3
0,0,39
1,1,1
0,1,1
0,0,54
0,1,239
1,1,1
1,0,19
0,0,20
0,1,18
1,0,2
0,0,649
0,0,27
0,1,6
0,1,8
0,0,10
0,1,2
0,0,240
0,0,12
0,1,3
0,0,2
0,0,2
0,0,809
0,0,18
0,0,380
0,1,5
0,1,16
0,1,2
0,1,4
0,1,31
0,0,72
0,0,956
0,0,1
0,0,51
1,0,1
1,1,3
0,0,8
0,1,10
0,0,19
0,0,23
0,0,3
0,1,10
0,0,47
1,1,13
1,1,4
0,0,78
0,1,80
0,0,10
0,0,3
0,0,139
1,1,4
0,1,1
0,0,106
0,0,162
0,0,1
0,0,52
0,0,10
1,1,11
0,1,1
0,0,1381
1,0,1
0,0,2
0,0,5
0,1,1
0,1,0
0,0,15
0,1,4
0,1,-4
0,0,1
0,0,7
0,0,1
0,0,60
0,1,1
0,1,94
0,0,75
0,0,1
1,1,0
0,0,34
0,0,2
1,1,12
0,0,2
0,1,2
1,0,1
0,0,502
0,0,129
0,1,28
1,1,2
0,1,0
0,1,10
0,0,2
0,0,5
0,0,8
0,1,1
1,0,3
0,0,2
1,1,5
0,0,53
0,0,174
0,0,12
0,0,9
1,1,1
0,1,7
0,1,3
1,1,3
1,1,31
0,0,30
0,1,2
0,0,2
0,0,20
0,1,6
0,1,4
1,1,1
1,0,65
1,1,9
0,0,60
0,0,20
0,0,2
1,0,146
1,1,47
0,0,3
0,0,2
0,1,56
0,1,2
0,1,1
0,0,1
0,0,2
0,0,1
1,1,89
1,1,3
0,1,2
0,0,228
0,0,1
0,0,54
0,1,3
1,1,3
1,1,44
0,1,60
1,1,6
0,0,1
1,1,1
0,1,2
0,0,26
1,1,4
0,1,5
1,1,10
1,1,5
0,0,84
0,1,2
0,1,8
0,0,2
0,0,1
0,0,99
0,0,2
1,1,1
1,1,61
0,0,19
1,0,2
1,1,3
1,1,2
1,1,1
1,1,1
0,0,1
0,0,2
0,1,2
0,0,1
0,1,26
0,1,2
0,0,698
0,0,11
0,1,1
0,0,73
1,0,131
1,0,42
1,1,68
0,0,20
0,0,2
0,0,6
0,0,3
0,1,10
1,1,3
0,0,2
1,1,1
0,1,2
0,1,7
1,1,2
0,0,69
1,1,120
0,0,66
0,1,1
0,0,1
0,0,73
0,0,1
0,0,618
0,0,3820
0,0,0
0,1,1
0,1,2
0,0,2
1,1,5
0,1,168
0,0,3
0,0,0
0,1,16
0,0,40
0,0,12
1,1,20
0,0,1
1,1,66
0,0,1
0,1,3
0,1,16
0,0,13
0,1,1
0,0,3
0,1,1
1,1,3
0,0,3
1,1,2
0,0,4
0,0,17
1,1,1
1,1,9
0,0,28
1,0,8
1,0,1
0,0,2
1,0,458
0,1,3
0,0,4
0,1,259
0,1,3
0,1,2
0,0,30
0,1,7
1,0,16
1,1,3
0,1,2
0,0,610
0,0,1746
0,0,254
0,1,13
0,1,-1
0,1,3
0,1,2
1,0,1
0,1,3
0,0,2
0,0,1
0,1,3
0,1,16
0,1,12
0,0,1
1,1,1
0,0,72
0,1,6
0,0,1
0,0,6
0,1,1
0,1,1
1,0,24
0,1,2
0,1,1
1,1,37
0,1,12
0,0,3
0,1,1
0,1,6
1,1,70
0,0,6
0,1,1
1,1,2
1,1,8
0,1,65
0,0,1479
0,0,3
0,1,12
0,0,867
0,0,2
0,1,26
0,1,36
0,1,7
1,0,1076
1,1,1
0,0,52
0,1,3
0,1,1
0,1,6
0,1,3
0,1,32
0,1,1
0,1,1
0,1,4
0,1,-6
0,0,87
1,0,24
0,0,3
1,0,1
0,1,5
0,0,239
0,0,3
1,1,8
0,1,2
0,1,1
1,1,2
0,0,1
0,1,1
0,0,3
0,1,32
0,1,10
0,1,31
0,0,267
0,0,9
0,0,1
1,1,3
0,1,1
0,1,2
0,0,1
1,0,3
0,0,4
1,1,5
0,1,48
0,0,91
0,0,15
1,1,2
0,1,33
1,0,1
0,0,16
0,1,27
0,0,24
0,1,2
0,0,2
0,1,57
0,1,47
1,1,2
1,1,5
0,0,26
0,1,2
1,1,13
0,0,31
0,1,0
1,0,5707
1,1,4
0,0,104
1,1,22
0,0,2
1,0,147
1,1,98
1,1,27
0,1,2
0,0,11
0,1,7
1,1,133
0,1,6
0,1,1
0,1,1
0,1,1
0,0,465
0,1,4
0,0,1
0,1,36
1,1,3
0,0,50
0,1,1
0,1,38
0,1,45
1,0,6
0,0,12
0,0,3
1,0,2
0,1,2
0,1,20
0,1,4
0,1,1
0,1,5
0,1,8
0,0,107
1,0,-4
0,1,2
1,0,1
0,1,3
1,1,6
0,0,1
1,0,1
1,1,12
0,0,7
0,1,2
0,0,21
0,1,3
1,0,3
0,0,5
0,1,3
0,0,2346
0,1,2
0,1,1
1,0,2
0,1,13
0,1,1
0,0,743
0,0,3
1,0,1
1,0,1551
0,0,62
0,0,74
0,0,1
0,0,2
0,0,2
0,0,2470
0,0,1
1,0,0
0,0,6
0,0,57
0,1,3
1,0,-2
0,0,2
1,1,10
0,0,28
0,1,7
0,1,11
1,0,23
0,1,2
0,0,27
1,1,2
0,1,0
1,1,3
0,1,2
0,0,386
0,0,225
1,1,17
0,0,1706
0,0,36
1,1,1
0,0,1
0,0,1413
1,0,3
0,1,11
1,1,12
0,1,21
1,1,36
0,1,2
0,1,3
1,0,3648
0,0,20
0,0,2
0,1,3
0,1,15
0,0,5
0,0,1
0,0,54
0,1,6
0,1,2
0,1,3
1,1,3
0,0,1
1,1,3
0,0,2
1,0,24
0,1,2
0,0,2
1,1,1
0,1,3
0,0,17
0,0,1
0,0,30
0,0,12
0,1,9
0,1,5
1,0,1111
0,1,43
0,0,10
0,1,14
0,0,1
1,0,9
0,0,4
0,1,1
0,1,2
1,0,1
0,0,5
1,1,10
0,1,3
1,0,1
0,1,1
1,0,1
0,1,84
1,0,1
1,1,-20
0,1,12
0,1,0
0,0,2
0,0,59
0,1,14
1,1,1
0,0,1
0,1,1
0,0,45
0,0,1
0,0,1
1,1,1651
0,0,10
1,1,1
1,0,11
0,1,62
1,1,2
0,0,1
0,0,1
0,1,5
0,0,73
0,0,1
0,0,9
0,0,851
0,1,2
0,1,198
0,1,1
0,1,1
0,0,112
1,1,4
0,0,43
0,0,1474
1,1,9
0,1,19
1,0,2
0,1,5
0,1,124
0,0,24
0,0,1
0,0,6
0,1,2
1,0,4
0,1,1
0,1,105
1,1,2
0,1,122
0,0,4
0,1,7
0,1,38
0,1,1
0,0,2
0,0,35
1,0,22
0,0,8
0,0,3
0,0,2
0,0,6
0,0,8
0,0,47
0,0,2
0,1,1
0,0,88
0,0,413
1,0,2
0,1,2
1,1,2
1,0,15
0,0,3726
0,0,7
0,0,5
0,0,5
0,1,1
1,0,1
0,1,35
1,1,2
0,0,1
1,0,2
1,1,1
1,1,2
0,1,28
0,1,21
1,1,45
0,0,4
1,1,5
0,0,41
0,0,1121
0,0,6
0,0,2
1,0,29
0,1,1
0,0,2
0,0,75
1,0,1
1,1,2
0,0,1069
1,1,1
0,0,2567
0,0,2
0,0,7
0,1,8
0,1,11
0,1,-1
0,0,2
1,0,8
0,1,3
0,1,18
1,1,20
0,1,7
0,0,3
1,1,5
1,1,1
0,0,110
0,0,11
0,1,17
0,1,1
0,1,2
0,1,23
0,0,14
0,0,7
0,1,21
0,0,364
0,0,36
1,1,2
0,0,2
0,0,4
0,1,22
0,1,2
1,0,13
0,0,48
1,1,58
0,1,61
0,1,0
1,1,3
0,1,53
0,1,43
0,1,30
1,1,1
0,1,1
0,0,2
0,1,86
1,1,1
0,1,4
0,0,1
1,0,289
0,1,124
0,0,1
0,1,7
0,1,8
1,0,7
0,0,5
0,1,37
0,1,1
0,1,8
0,1,2
0,0,2
1,1,48
0,1,3
0,1,1
0,1,2
0,1,7
0,1,35
1,0,1
1,1,5
0,1,4
0,1,1
1,1,3
1,1,6
0,0,0
0,0,1
0,1,2
1,1,13
0,0,834
0,0,237
1,1,2
0,1,16
1,1,1
0,0,359
0,0,29
0,1,45
1,1,2
0,0,2
0,1,1
0,1,13
1,1,2
0,1,4
0,1,4
0,0,15
0,1,2
0,1,47
0,0,679
0,1,69
1,0,6
0,1,11
0,0,3
0,1,11
0,0,1
0,1,27
0,0,10
0,1,20
0,0,80
1,1,5
1,0,1
0,0,4
0,0,14
0,0,188
0,0,22
0,0,18
0,1,6
0,1,39
1,1,3
1,0,1
0,1,4
0,1,1
0,1,1
1,1,1
0,0,10
1,1,9
0,1,1
0,1,1
0,1,9
1,0,1
0,1,2
1,1,1
0,0,1
0,1,2
1,1,66
0,1,3
0,1,1
0,0,3
1,1,2
1,1,202
0,0,4
1,1,2
1,1,1
1,0,2
0,0,9
1,1,1
0,0,0
0,1,2
0,0,216
1,1,15
0,0,1
0,0,1
1,1,4
1,1,14
0,0,7
0,0,2
1,1,22
1,0,12
0,1,1
0,1,3
1,1,5
0,1,266
0,1,6
0,0,3
0,0,7
0,0,15
0,1,1
0,1,231
0,0,3
0,0,41
0,0,1
0,0,1
0,0,2
0,0,35
0,1,15
0,0,420
0,0,12
1,1,2
0,0,2
0,0,16
0,0,4
0,0,3
0,1,6
0,1,3
0,0,-1
0,0,11
0,0,2
0,1,6
0,1,16
1,1,2
0,1,9
0,0,3
0,1,27
0,0,1
0,1,6
0,0,2
1,0,64
1,1,1
0,0,67
0,0,4018
0,1,6
1,0,41
1,1,3
1,0,4
0,0,1
0,1,7
1,0,1
1,1,2
0,1,2
0,0,1
0,1,5
1,1,2
0,1,3
0,0,1
0,0,6
0,1,10
0,0,13
0,0,11
0,0,96
1,0,1
1,0,2
1,1,10
0,0,7
0,1,10
1,0,19
1,1,8
0,1,1
0,0,2
0,1,2
0,1,19
0,1,-1
0,0,12
0,1,18
0,1,2
0,0,-8
0,1,10
0,1,1
0,0,18
0,0,10
0,1,5
0,1,8
0,1,2
0,1,26
0,1,14
1,1,44
0,0,11
0,0,6
0,0,-2
1,1,3
0,1,3
1,0,7
1,1,10
1,1,1
0,0,485
0,1,0
0,1,3
1,0,24
1,0,2100
0,1,20
1,1,82
1,1,23
1,1,2
1,1,1
0,1,3
0,1,3
0,1,2
0,0,1
0,0,15
0,0,1
0,1,80
1,1,9
1,1,1
0,1,1
0,0,1
0,1,12
1,0,50
0,0,3
1,0,11
0,1,4
0,1,7
0,0,18
1,0,2
0,1,5
0,0,1
0,0,1275
0,0,1
0,0,2
0,0,62
0,1,30
0,0,18
1,1,13
1,1,4
1,1,98
0,0,2
0,1,0
0,0,5
0,0,6
0,1,1
0,0,6
1,1,7
0,1,10
1,1,274
0,0,1
0,0,1
0,1,31
0,0,2
0,0,7
1,1,12
0,0,0
0,1,1
0,1,1
1,0,25
0,0,1
0,1,7
0,1,8
1,1,119
1,1,5
0,0,1
0,1,1
0,0,2
0,0,3
0,1,27
0,0,3
1,1,10
1,0,-1
1,1,2
0,0,3
0,0,2
0,1,7
0,0,60
0,0,41
1,1,-10
1,0,1
1,1,2
0,1,38
0,1,12
0,1,38
0,0,1
1,1,2
0,0,14
0,0,26
0,0,37
0,1,3
1,0,162
1,1,10
0,1,1
0,0,7
0,0,3
1,1,193
0,1,1
0,1,2
0,0,15
0,1,63
0,1,3
1,1,1
1,1,7
0,1,2
0,1,5
0,0,305
0,0,9
0,1,2
0,0,5
0,0,2
0,0,3
1,1,187
0,0,3
0,0,4
0,0,50
0,0,10
0,1,5
1,0,2
0,0,1
0,0,2
0,1,25
0,1,1
0,0,16
0,0,23
0,0,114
1,1,2
0,0,1
0,0,13
1,1,2
0,0,1
0,0,196
0,1,25
1,0,84
0,0,29
0,1,17
0,1,3
0,1,2
0,0,2
1,0,4
0,0,79
0,1,5
0,0,24
0,0,0
0,0,7
1,0,41
0,1,7
0,0,1
1,0,4
0,0,2
1,1,25
0,1,7
0,1,1
0,0,1
1,1,49
0,0,1
0,1,16
0,1,5
0,0,2
1,0,5
1,1,3
0,1,8
0,0,2
1,0,9
0,0,5
0,0,2
0,0,239
0,1,9
0,0,2
0,1,1
0,1,54
0,0,789
1,1,4
0,0,135
0,0,3
0,0,1
0,0,2
0,0,53
1,1,241
0,1,1
1,0,1082
0,1,3
0,0,34
0,0,11
0,0,5
0,0,1
0,0,1
0,0,4
0,1,2
1,1,18
1,1,2
0,0,13
0,0,12
1,1,241
0,0,59
1,0,1
1,0,2
1,1,2
0,1,3
0,0,69
0,0,3
0,0,10
0,0,225
0,1,2
1,1,26
1,0,76
0,1,2
0,0,2
0,1,63
1,1,195
1,1,9
0,0,1
0,0,-4
0,0,6
0,0,6
1,1,12
0,1,48
0,0,59
1,1,4
1,1,2
0,0,2
0,0,70
0,1,2
1,0,5
0,1,4
0,1,1
0,1,3
1,1,7
0,1,1
0,0,78
0,1,13
0,1,70
0,1,2
0,1,10
0,0,312
0,0,1
0,0,17
0,0,2
1,0,1
0,1,2
1,0,45
0,0,18
0,1,2
1,0,1
0,0,1
0,0,75
0,1,89
0,0,49
0,1,1
1,0,5
0,1,2
0,0,1
0,0,1
1,1,1
0,0,1
0,1,9
0,1,-1
1,0,66
1,1,-1
0,0,6
0,1,6
1,1,1
0,0,70
0,0,25
1,0,2
0,1,5
1,1,1
0,1,7
1,1,1
0,1,16
1,1,10
0,0,2
1,1,1
0,1,-2
0,1,4
1,1,3
0,1,3
1,0,35
0,1,2
0,1,1
0,0,435
0,0,1
1,1,2
0,1,9
1,1,30
0,1,31
0,0,6
0,0,3
0,1,2
1,1,6
0,1,4
1,0,3
0,0,2
0,0,10
0,0,1
0,0,1
0,1,2
1,0,1
0,1,3
1,0,1
1,0,801
0,0,5
1,1,6
0,0,1
0,1,1
0,0,2
0,0,9
0,0,1
0,0,1
1,1,28
0,0,2
0,0,2
0,1,17
0,0,107
0,1,4
0,0,2
0,1,3
0,1,0
0,1,2
0,0,24
1,0,35
0,0,2
0,1,1
0,0,2
0,0,12
1,1,14
0,0,1
0,0,1
0,0,3
0,1,9
0,1,4
0,0,148
1,0,4
1,1,2
0,1,5
0,1,6
0,1,6
0,1,35
0,1,1
0,0,26
0,0,5
0,1,3
0,1,1
0,0,5
0,0,70
0,1,6
0,1,687
0,1,1
0,1,6
0,0,2
0,0,1
0,0,74
0,0,3
0,1,2
1,1,46
1,1,2
0,1,4
0,0,2
0,1,-1
0,1,3
0,1,4
0,1,2
1,1,15
1,1,3
1,1,1
1,1,4
0,1,1
0,0,21
0,0,227
1,0,5
1,1,8
0,1,2
0,1,3
0,0,6
1,1,7
1,0,114
1,1,3
1,1,9
0,0,3
0,0,1
1,1,2
1,1,1
1,1,2
0,1,2
0,1,26
1,1,8
0,1,1
0,0,6
0,1,0
1,1,1
0,1,5
0,0,5
1,1,1
0,0,11
0,1,2
1,1,1
0,1,146
0,0,99
0,1,28
1,0,1
1,1,18
1,0,1
0,0,96
0,0,6
0,0,8
0,1,2
0,1,1
0,0,21
0,0,11
0,0,30
0,0,1
0,0,3
1,1,3
0,0,1
0,1,5
0,0,6
1,1,9
0,0,2
0,1,6
1,1,2
0,0,25
0,1,4
0,1,2
1,1,12
0,0,7
0,1,36
1,1,12
1,1,15
0,1,2
0,1,1
0,1,1
1,1,23
0,1,2
0,0,20
0,1,8
0,0,2
0,1,1
0,1,3
0,1,111
1,1,14
1,1,1
0,1,7
0,1,0
0,1,1
0,1,5
0,0,51
0,0,1
1,1,451
0,0,5
1,0,0
0,0,3
1,1,10
0,0,306
1,1,2
1,1,9
0,1,7
0,0,55
1,1,70
1,1,82
0,0,400
0,0,3
0,0,28
1,1,158
0,0,2
1,0,48
0,1,8
1,0,1
0,0,6
0,1,23
0,0,31
1,1,13
0,1,2
1,0,34
0,0,3
0,0,16
0,1,3
1,1,1
0,1,41
0,1,10
0,1,3
0,1,16
1,0,1
0,0,235
0,0,7
0,1,328
0,1,237
1,1,10
0,0,33
0,0,71
0,1,2
0,0,5
1,0,3
0,0,5
0,0,20
0,0,3
0,0,1
1,0,42
1,1,-1
0,0,3
0,1,240
1,0,2
0,0,1
0,1,2
0,0,33
0,0,2
0,0,5957
1,1,5
1,0,3
0,0,22
0,1,2
1,0,1
0,0,2
1,1,3
1,0,8
1,0,28
0,0,6
1,1,42
0,0,17
1,0,1
0,1,8
0,1,22
0,1,79
0,0,6323
0,0,1
0,1,2
1,1,13
0,0,1
0,0,236
0,0,3
0,1,10
1,1,0
0,1,9
1,0,3
0,0,10
0,0,30
0,0,2
0,1,4
0,1,4
0,0,1
0,1,2
0,1,1
0,0,1
1,1,15
1,1,18
1,1,135
0,0,20
0,0,3
0,1,0
0,0,1
0,1,2
0,0,4
0,0,6
0,0,398
1,1,5
1,1,11
1,0,9
0,0,1
1,0,1
1,1,2
1,1,5
0,1,7
0,0,7
0,1,2
1,0,1
0,0,1
0,1,3
0,1,14
0,0,10
0,1,21
0,1,1
1,1,3
1,1,1
0,1,1
0,1,97
0,0,2
1,1,30
0,0,17
0,1,1
0,1,27
0,0,11
0,1,5
1,0,82
0,0,5
1,1,2
0,0,42
0,0,2
0,1,2
1,1,-1
0,0,114
0,0,3
1,1,4
0,1,-2
0,1,4
0,0,3
0,1,2
0,1,27
0,0,2730
1,0,3
0,0,6
0,0,2
0,1,107
0,0,380
0,0,29
0,0,2077
1,0,2
0,1,21
0,1,19
0,0,7
0,1,18
0,1,5
1,1,469
0,0,2
0,1,2
0,1,1
0,0,2
0,0,317
1,1,2
1,1,3
0,0,8
0,1,57
0,0,2
1,1,3
0,0,1
0,0,1
0,0,6
0,0,21
0,1,1
0,0,1
0,1,2
0,1,26
0,1,2
0,0,7
0,0,1
1,1,7
1,1,9
0,1,4
0,1,1
1,1,39
0,1,16
0,1,11
0,0,1
0,1,2
1,1,142
0,1,2
1,1,2
1,1,9
1,1,12
0,0,47
0,0,1
0,0,18
0,0,1
1,1,18
0,0,19
0,1,6
0,0,110
0,1,26
1,1,1
0,0,1730
0,0,3
0,1,49
1,1,1
0,0,7
1,1,5
0,0,3
0,0,87
0,0,12
0,1,1
0,1,5
1,1,2
0,0,11
0,1,3
1,1,1
1,1,214
0,1,2
0,1,8
1,0,8
0,1,17
0,0,10
0,1,1
0,1,216
0,1,4
0,0,206
0,1,85
1,1,2
0,1,2
1,0,1
0,1,59
0,0,5441
0,1,1
0,1,26
0,0,13
0,1,1
1,0,6
1,0,7
0,1,2
0,1,27
0,0,35
0,0,2
0,1,3
1,0,1
0,1,1
1,0,3
1,0,1591
0,1,0
0,1,2
0,0,4
0,0,1
1,0,2
0,0,11
1,0,84
1,0,1
0,0,3
0,1,1
0,0,1004
0,0,1653
0,1,1
1,1,5
0,0,2
0,0,2
0,0,1
0,0,12
0,0,2
0,0,2
1,1,4
0,1,2
0,0,9
1,1,95
1,0,195
1,0,2
0,0,2
0,0,5
0,0,8
0,1,593
0,0,22
0,0,2848
0,1,2
0,0,1
0,1,23
0,0,69
1,1,3
0,1,0
0,1,1
0,0,81
0,0,1
0,1,1
0,1,1
0,1,4
1,0,1
0,1,14
0,0,1
0,0,1188
0,0,1
1,1,25
1,1,22
0,0,1
1,0,163
0,1,2
0,0,2
1,1,2
1,0,1
1,1,8
1,0,19
0,1,1
0,0,1
0,1,2
0,0,1
0,0,40
0,0,599
0,1,8
0,1,3
0,1,2
1,1,8
0,0,7
0,0,50
0,0,2
0,1,0
0,1,8
0,1,30
0,0,2
0,0,2
0,1,27
0,1,17
0,1,1
1,1,1
0,1,1
1,1,25
0,1,18
0,0,21
0,1,8
0,1,6
0,0,4
0,0,2
0,0,3
0,0,5
0,0,15
0,1,13
0,1,3
0,1,1
0,1,0
1,1,3
0,0,56
0,1,54
0,0,2
0,0,1
0,0,1
0,0,60
0,1,7
0,1,11
1,1,0
0,0,2
1,0,3
1,0,2
0,1,9
1,1,2
1,1,13
0,0,30
0,0,3
1,1,8
0,1,1582
0,0,2
0,0,3
0,0,1
0,1,3
0,1,17
0,0,24
1,1,1
0,0,3
0,1,203
0,1,4
0,0,6
0,0,9
1,1,2
0,1,2
0,1,-2
1,1,6
0,0,745
1,1,4
0,0,1
1,0,1
0,0,20
0,0,224
1,1,148
0,0,24
0,0,795
0,1,99
0,0,9
0,1,1
0,1,1
0,1,2
0,0,37
0,1,4
1,0,1
0,0,6
0,0,1
1,0,189
0,0,1
0,1,2
0,0,3
0,1,12
1,1,2
1,1,6
0,1,2
0,1,1
1,1,3
1,1,2
1,1,2
1,1,1
1,1,354
0,1,42
0,1,2
0,1,15
0,1,6
0,1,2
1,0,67
0,0,12
0,0,8
0,0,6
0,0,14
1,0,21
0,0,11
1,1,3
1,1,1
0,0,4
0,1,2
0,1,1
0,0,65
0,0,1
1,1,49
0,0,68
0,1,3
1,0,6
0,0,1
0,0,2
0,0,13
0,1,4
1,0,2
1,0,1
0,1,2
0,1,3
0,0,41
1,1,7
1,1,11
0,1,1
0,0,1454
0,0,62
1,1,34
0,0,32
0,1,13
0,1,49
1,1,4
1,0,5
0,1,3
1,0,5
0,0,2633
0,0,4
1,1,6
1,1,31
0,0,101
0,1,10
1,0,1847
0,1,16
0,0,414
0,1,1
0,0,62
0,1,4
0,0,1
0,0,22
1,1,2
1,1,3
0,1,1
0,0,1387
1,1,3
1,1,16
0,1,-2
0,1,12
0,0,3
1,0,2
0,1,12
1,1,4
0,0,1
0,1,396
0,1,3
1,0,4
0,1,3
0,0,41
0,0,2
0,0,1
0,0,1
1,1,2
0,1,7
0,1,15
0,1,1
0,1,3
1,1,17
1,0,1
0,1,1
1,1,2
1,0,2206
0,0,1
0,1,47
0,0,1
0,0,8
0,0,44
1,1,31
0,1,5
0,1,1
0,1,5
0,0,79
1,1,70
1,1,1
0,1,2
0,1,1
1,0,3503
1,1,1
0,0,1
0,0,5
0,0,21
1,1,1
1,1,2
0,0,1073
1,1,32
1,1,45
0,0,7
0,0,12
0,0,13
0,1,8
1,1,5
1,0,4
0,0,42
0,1,11
0,0,1
0,1,2
0,0,82
0,1,4
0,1,7
0,0,4
0,0,1
0,0,8
0,1,14
0,0,181
0,1,3
0,0,1
0,1,1
0,0,7
0,1,25
0,0,90
1,0,34
1,0,3
1,0,54
0,0,3
0,0,12
0,0,2
0,0,1
1,1,1
1,0,3
0,1,2
1,0,13
0,0,32
1,1,35
0,0,381
0,0,10
1,1,1
0,1,1
0,1,30
0,1,1
1,1,103
0,0,4
0,1,8
1,1,1
0,0,216
0,1,12
0,0,6
0,0,3
1,1,-17
1,1,2
1,1,1
0,1,2
0,0,59
1,0,83
0,1,9
0,0,7
0,0,1
1,0,6
0,1,-2
0,1,5
1,1,5
0,1,2
0,0,63
0,1,3
1,1,26
0,0,1
0,1,6
0,0,6
1,1,24
0,1,17
0,0,54
0,0,5
0,0,35
1,0,1
0,1,1
0,0,11
0,0,1
1,1,1
0,0,2
0,0,57
0,0,81
1,1,3
1,0,3
0,1,3
1,1,41
0,1,12
0,0,6
0,0,1
0,0,2
1,1,1
0,0,84
0,0,8
0,0,1
0,0,3
0,0,6
0,1,12
0,1,3
0,0,7
1,1,7
0,1,2
1,1,1
1,1,22
0,0,6
0,1,38
0,1,2
0,0,3
0,0,4
0,0,1
0,0,1
0,0,42
1,0,80
0,0,2
1,0,88
0,1,11
0,1,49
0,0,3
0,0,177
0,0,20
0,0,58
1,1,2
0,0,2078
1,0,2
1,0,2
0,1,8
0,0,35
0,1,0
0,0,24
1,0,2
0,1,2
0,1,3
0,1,8
0,0,40
0,0,5
0,1,8
0,1,3
1,0,3
0,1,0
1,0,74
1,0,3
0,1,8
0,0,8
0,1,1
0,1,4
0,0,3
0,0,6
0,1,1
0,1,15
0,1,9
0,0,2
0,1,2
0,1,29
1,1,2
1,0,1
0,1,8
0,1,2
0,0,122
0,1,178
0,0,8
0,1,11
0,0,1
0,0,1
1,0,20
0,0,2
1,1,1
1,1,1
0,1,3
0,1,1
0,1,2
0,1,50
0,0,2
1,1,2
1,1,1
1,0,40
1,0,5
0,1,3
1,1,11
0,1,3
1,1,9
0,0,2
1,1,-14
0,0,52
0,0,53
0,1,110
1,1,10
0,0,49
1,0,4
1,0,1
1,0,1
1,1,1
0,1,12
0,0,2
0,0,27
0,0,1
1,0,1
0,0,2066
0,1,85
0,0,1
0,1,3
1,0,15
1,1,5
0,1,23
1,0,1
0,1,3
1,1,1
0,0,5
1,1,7
1,1,3
1,0,16
0,1,6
1,0,9
0,0,6
0,1,2
0,0,0
0,1,4
0,1,1
1,1,1104
1,0,48
0,0,1
0,1,24
0,0,2
1,0,3
0,0,7
0,0,94
0,0,94
0,0,2
1,1,1
1,1,8
0,1,14
0,1,65
0,0,1
1,0,13
1,1,3
0,0,2
0,0,2
0,0,2
0,1,71
0,0,2
0,1,5
1,1,1
0,1,1
0,0,1
0,1,5
0,0,1075
0,0,11
0,1,11
0,1,13
0,1,5
1,0,40
0,0,4
0,0,2
0,0,1
0,0,7
1,1,49
1,1,8
1,0,3
1,0,3397
1,1,2
0,1,1
1,1,1
0,1,53
0,0,1
0,0,13
0,1,5
0,1,4
1,1,2
0,0,7
0,0,2
0,1,2
1,0,3
0,0,3
1,1,3
0,1,2
1,1,11
0,0,69
1,0,7
1,1,125
0,0,5
0,0,2
0,0,1
0,1,2
1,1,1
0,1,10
0,1,2
1,0,21
0,1,17
1,1,2
1,0,4
0,1,3
0,0,1
0,1,71
1,1,11
1,1,9
0,0,1
0,1,10
0,0,2
0,0,1
0,0,7
0,0,61
0,0,11
1,0,2
0,0,2
1,1,1
1,0,1
1,0,1
0,1,5
0,1,-1
0,0,3
0,0,1
1,1,14
0,0,1
0,0,1
1,0,7
0,1,8
0,1,18
1,1,2
0,1,3
1,1,2
1,0,7
0,0,696
0,1,-3
1,1,3
1,1,5
0,1,1
0,0,3
1,1,5
0,1,2
0,0,4044
0,1,3
0,0,894
0,1,39
1,1,1
0,0,35
0,1,4
0,1,11
0,0,28
0,1,1
0,0,2
0,0,347
0,1,2
0,1,1
0,0,2
0,1,1
1,0,69
0,0,4
0,0,3
1,0,15
0,1,3
0,1,25
0,0,5
0,0,297
0,0,235
0,0,473
0,1,0
0,1,46
0,1,69
0,1,1
0,1,19
0,1,2
0,0,15
0,1,15
0,1,1
1,0,179
0,0,5
0,0,3
0,1,2
1,1,24
0,1,2
0,0,2
0,0,0
0,0,5
1,1,22
0,1,2
0,0,8
0,1,1
1,0,3
0,0,320
0,1,3
0,0,2
1,1,11
0,0,8
0,0,2
0,1,168
1,0,10
0,0,2
1,1,15
1,0,1
1,1,1
1,1,21
0,0,7
0,0,1
0,1,2
0,0,21
0,0,106
0,1,2
0,1,53
0,1,5
0,0,20
1,0,19
0,1,16
0,0,1
0,0,3
1,1,5
1,1,2
0,0,176
0,1,3
0,1,2
0,1,4
0,1,2
1,0,27
0,0,3
0,1,18
0,0,1
1,1,4
0,1,56
1,1,-9
1,1,2
0,0,5
0,0,2
0,0,3
0,1,2
0,0,8
0,0,2
0,1,2
0,1,14
0,0,33
0,0,1
0,1,3
0,0,13
0,1,1
0,1,4
0,1,2
0,1,4
1,1,90
1,0,10
0,0,57
1,1,6
1,0,2
1,1,7
0,1,2544
0,1,3
0,0,1837
0,0,1
0,1,57
1,1,1
0,0,4
0,0,63
1,0,49
0,1,-3
0,0,26
0,1,2
0,0,6
1,1,3
0,0,6
0,1,3
0,0,5
0,1,2
0,1,2
1,1,3
1,1,1
0,0,84
0,0,2
1,0,7
0,1,1
0,1,2
0,0,1
0,0,1
0,0,3108
0,1,1
0,0,3
0,0,91
0,1,52
0,1,3
1,1,102
0,0,1
1,0,2086
1,1,5
0,1,36
0,0,3
0,1,1
0,0,7
1,1,3
0,0,4
0,1,2
0,1,1
0,1,10
0,0,46
0,0,3
1,1,28
1,1,1
0,1,2
0,1,0
0,0,3
1,0,10
1,1,1
1,0,1
0,0,130
1,1,2
1,0,2
0,1,1
0,1,3
1,0,2
0,0,1689
0,1,19
0,0,2
0,0,14
0,0,5
0,0,1
0,0,5
0,1,6
0,0,20
0,1,0
0,0,55
0,1,9
0,0,2
0,1,13
0,0,3
0,0,18
1,0,1
0,1,13
0,1,2
0,1,17
0,0,439
0,1,5
1,0,1
0,1,1
0,0,4367
0,0,49
0,0,4
0,0,15
0,1,1
1,0,2
0,0,-2
1,1,2
0,0,18
0,0,51
1,1,13
1,1,1
0,1,2
1,0,12
0,0,6
0,0,2
0,1,1
0,0,67
0,0,5
1,1,2
0,0,1444
0,1,4
1,1,5
1,1,12
0,0,1
1,0,2
0,0,144
0,0,25
1,1,8
0,1,1
0,1,1
0,0,1
0,1,201
0,1,4
0,0,1347
0,0,3
0,1,1
0,1,3
0,0,2
0,1,10
1,1,6
0,0,23
0,1,1
0,1,1
0,1,1
0,1,2
0,0,84
1,0,3
0,1,2
0,0,-7
0,0,101
0,0,18
0,1,0
0,0,1
0,1,5
1,1,45
1,1,23
0,0,1
0,0,7
1,1,12
0,0,38
1,0,2
0,0,49
0,1,2
0,0,1
0,1,57
0,1,1
0,0,4525
0,0,1
0,0,1
0,1,3
1,0,1
0,0,1
1,1,1
1,0,8
0,1,3
0,0,1
0,0,6
1,1,8
1,0,7
0,0,251
0,1,-4
1,1,35
0,0,48
0,1,7
1,1,3
0,0,3
0,0,1
0,0,66
0,0,1
0,1,1
1,1,73
0,1,0
1,0,2
1,1,9
0,1,2
1,1,20
0,0,1
0,1,2
0,1,18
0,1,5
0,1,21
0,0,726
0,0,1
0,1,3
1,0,417
0,0,10
0,1,2
0,0,4
1,1,18
1,1,2
1,1,5
0,1,7
0,0,18
0,0,1
0,1,42
1,0,6
0,1,2
0,0,2436
0,0,6
1,0,11
1,1,6
1,0,2
0,0,46
0,1,1
0,0,5
1,1,3
0,1,1
1,0,1
0,0,3
0,1,11
0,1,2
0,0,2
0,0,2
0,0,6
0,1,6
1,0,1
0,0,60
0,1,6
0,0,78
0,1,97
0,1,2
0,1,7
0,0,2
0,1,943
0,0,65
0,0,12
0,1,2
0,1,26
0,0,44
0,0,3
0,0,62
0,0,1
0,1,1
1,1,41
0,1,4
0,1,1
0,1,2
0,1,2
1,1,24
0,0,324
0,0,2
0,0,12
0,1,16
1,1,121
0,0,22
0,0,5
0,0,1
0,1,3
0,1,47
0,1,49
1,1,2
0,0,2
0,0,22
0,0,18
0,1,-4
0,0,23
0,0,2
0,0,30
0,0,33
0,1,422
0,0,79
1,1,3
1,1,2
0,0,159
0,0,1
0,1,1
0,1,8
1,1,4
0,0,3
1,0,1
1,1,1
0,1,3
0,1,44
1,1,12
1,0,2
1,1,1
0,0,11
1,0,115
1,1,3
0,0,14
1,1,16
1,1,1
0,0,6
0,0,3
0,1,3
1,0,2
0,1,2
0,0,6828
0,0,0
0,0,1
0,1,2
0,1,207
0,1,8
0,0,1
1,1,1
1,1,2
0,0,243
0,0,454
0,1,17
0,1,-2
1,1,5
0,1,3
0,1,2
0,0,190
0,1,1
0,0,2
0,1,3
0,1,7
1,1,8
0,0,4
1,1,70
0,1,3
1,0,2199
0,0,6
0,1,31
1,1,13
1,1,0
0,1,7
0,1,8
1,1,1
1,0,2
0,1,43
1,0,7
0,0,28
0,0,59
0,1,3
0,1,3
0,1,16
0,0,7
0,1,3
0,0,3
1,0,3
0,1,1
1,0,16
0,0,53
0,1,18
0,1,27
0,0,1
0,1,2
0,0,1
1,1,158
0,1,32
1,1,2
1,1,1
0,0,2
1,0,2
1,1,1
0,0,130
1,1,814
0,0,3
0,0,1
0,0,1
0,0,231
1,0,0
1,0,79
0,0,10
0,1,7
0,0,282
1,1,2
0,1,139
0,0,4
1,1,2
0,0,335
0,1,29
0,0,4
0,0,1625
0,1,76
0,0,24
1,1,2
0,1,5
1,0,7
0,0,6
1,1,3
0,0,77
0,0,3046
0,0,2
0,0,2
0,1,1
0,0,5
0,0,54
0,0,1
0,1,5
0,0,1
0,0,8
0,1,2
0,0,82
0,1,3
1,1,1
0,0,30
0,1,1
1,1,-4
0,0,7
0,1,10
0,1,3
0,1,221
0,0,2
0,1,-1
1,1,3
0,0,-4
0,0,9
1,1,9
0,0,-6
0,1,3
0,1,19
1,1,4
0,0,1
0,1,1
0,1,41
1,0,14
0,0,107
0,1,4
0,1,4
0,0,1
0,1,3
1,0,1
1,1,11
0,0,8
0,0,3
1,1,0
0,0,2
0,1,17
1,0,6
0,1,24
0,0,0
1,0,1
1,1,5
1,1,4
0,0,8
0,0,4
0,1,2
0,1,2
0,0,60
0,0,-2
0,0,68
0,0,17
0,1,5
0,1,20
0,1,-1
1,1,1
1,0,2
1,1,0
1,0,18
1,0,2
1,1,15
1,0,4
0,0,2
1,1,3
0,1,2
0,0,5
0,1,7
0,0,1035
1,0,8
0,0,1
0,0,2
0,1,13
0,0,3902
0,1,17
0,0,102
0,1,2
0,0,102
0,0,3
0,1,2
0,1,0
0,1,2
0,0,2
0,1,0
0,0,4
0,0,1
0,1,1
0,1,6
1,0,555
0,0,4
0,1,0
0,0,26
0,1,1
0,1,1
0,0,4
0,0,2
0,1,4
0,1,3
0,1,2
0,1,192
0,1,1
0,1,5
1,0,36
0,1,1
1,1,2
0,0,97
0,0,2
1,1,5
0,1,2
0,1,1
0,1,3
0,0,19
0,1,2
0,1,1
1,1,1
1,1,3
0,0,2
0,1,3
0,0,1
0,1,2
0,0,6
1,1,50
0,0,9
0,0,3
0,1,1
0,0,1
0,0,25
0,0,1
1,0,1
0,0,3
1,0,49
0,1,135
0,1,180
1,1,2
0,1,8
0,0,1
0,0,4
1,0,6
0,0,2
0,0,11
0,1,1
1,1,11
0,1,1
0,0,2
0,0,5
0,1,2
1,1,1
0,0,81
0,0,10
0,0,1
0,0,2
1,0,3
1,1,11
0,1,1
1,1,12
1,0,1
0,1,19
0,1,58
0,1,2
0,1,18
1,1,31
0,0,9
0,0,3
0,0,11
1,1,2
0,1,3
0,1,0
0,1,7
0,0,2
0,0,228
1,1,0
0,0,2
0,1,4
0,0,2
0,0,69
0,0,17
1,0,2738
0,1,10
0,0,6
0,0,8
1,1,5
0,0,65
0,0,2
1,0,173
0,0,1
1,0,2
1,1,423
0,1,27
0,0,23
0,0,1
1,0,29
1,1,-2
1,1,5
1,0,17
0,0,91
1,1,5
0,0,46
0,1,13
0,0,1536
0,1,7
0,0,40
0,1,2
1,1,11
0,0,11
0,1,3
1,0,342
0,0,57
0,0,3
0,1,2
0,1,1
0,0,604
1,1,22
0,1,2
0,0,13
1,1,3
1,1,1
0,0,62
1,0,1
0,1,2
1,0,8
0,0,5
0,0,335
0,0,3
0,0,32
0,1,-9
1,1,3
1,1,3
0,0,1
1,0,1
0,0,12
0,0,1
1,0,511
0,1,1
0,0,15
0,1,5
0,0,7
0,0,3
0,1,1
1,1,5
0,1,3
0,0,1
0,1,1
0,1,0
0,0,1
0,0,2
0,0,68
0,0,2
0,0,139
0,1,1
0,0,-8
0,0,1
0,0,22
1,0,73
0,1,2
0,0,1
1,1,2
1,1,77
1,1,78
0,0,21
0,0,14
0,1,28
1,1,2
1,1,7
0,0,127
0,0,1
1,0,35
0,1,3
0,0,9
0,0,2460
0,0,6
0,1,2
0,0,2
1,1,6
0,0,10
0,0,76
0,1,1
1,1,10
1,1,1
0,1,7
1,1,8
0,1,9
0,0,4
0,0,3
0,1,4
1,1,4
1,1,11
0,1,9
1,1,10
0,1,2
1,0,1
0,0,3
0,1,13
0,0,1223
1,1,2
1,1,-4
0,1,1
1,1,3
0,1,46
0,1,69
0,0,1
1,1,44
0,1,19
0,0,1
1,0,12
0,0,3
0,1,2
1,0,3
1,0,0
0,1,50
0,0,50
0,0,1
0,1,11
0,1,55
1,0,2
1,1,-9
0,0,11
1,0,476
1,1,11
1,0,2
0,1,1
0,0,229
0,0,18
0,0,9
0,1,2
1,0,3
1,0,3
0,1,5
1,1,15
0,0,1
0,1,1
0,0,1
0,0,2
0,1,2
1,1,68
0,1,1
1,1,1
0,0,19
0,1,8
0,1,1
1,0,45
0,0,12
0,0,1
0,1,1
0,0,2
0,1,1
0,0,63
0,1,3
1,1,31
1,1,1
0,1,2
0,1,3
0,1,1
0,0,2
0,1,2
0,1,23
0,0,1
0,0,5
0,0,152
0,0,2
1,1,6
0,0,307
0,0,37
0,1,4
0,1,2
0,1,5
0,1,3
1,0,5
0,0,9
0,0,57
0,1,13
0,1,3
1,1,1
0,1,107
0,0,8
0,1,4
0,1,2
0,0,195
0,0,7
0,0,0
0,0,26
0,1,6
0,1,684
0,0,47
0,0,17
0,1,95
1,1,1
0,0,4
1,1,2
0,0,1
1,1,1
0,1,18
0,0,1
0,1,1
0,1,69
0,1,52
1,1,13
0,1,22
0,0,35
0,0,2
0,0,50
0,0,100
0,0,2
0,0,4
0,1,2
0,1,37
0,0,6
1,1,1
0,0,1
0,0,1
0,0,0
0,1,14
1,1,-5
0,0,16
0,1,3
1,1,16
0,0,64
1,0,1
1,1,4
0,0,7
0,1,23
0,1,1
1,1,11
1,1,1
0,1,3
1,1,1
0,0,3
0,0,35
1,0,2
0,0,2
0,0,2
1,1,1
0,1,7
0,1,-1
0,0,90
0,0,8
0,1,12
0,1,6
0,1,0
0,0,45
1,1,2
0,0,1
0,1,1
0,1,104
0,0,1
1,1,10
0,0,4
0,1,5
0,1,5
0,0,36
0,1,17
0,0,1
0,0,2
0,0,122
0,1,6
0,0,1
0,1,4
0,1,1
0,1,117
0,0,173
0,1,6
0,1,1
0,0,51
0,0,5
0,1,7
0,0,4
0,0,3
1,0,5
0,1,3
1,1,19
0,1,1
1,1,1
1,1,2
1,1,2
0,1,0
1,0,1
1,1,1
1,1,19
0,1,1
0,1,3
0,1,21
0,0,2
1,1,1
0,1,4
0,0,21
0,0,1
0,0,1
1,0,1
0,0,2
1,0,28
0,0,12
0,0,52
0,1,282
1,1,5
1,1,1
0,0,5
1,0,15
0,1,2
0,0,2
0,1,3
1,0,1
0,0,2
0,0,84
0,0,1
0,0,82
1,1,1
1,0,9
0,1,2
1,0,6
0,1,4
0,1,7
1,1,8
1,0,5
0,0,4
0,0,9
1,1,4
0,1,1
0,1,2
1,0,17
0,1,16
0,1,72
0,0,75
0,0,268
0,0,855
0,0,6
0,1,-1
1,1,2
0,1,7
0,0,32
0,0,3
0,0,6
0,0,1
0,0,70
0,1,9
0,1,44
0,1,346
0,0,1
0,1,2
0,1,3
0,0,3
0,1,1
0,0,5
0,0,9
1,1,-5
1,1,3
0,1,7
0,0,6
1,1,12
0,1,9
0,1,5
0,0,1
0,0,72
1,1,-1
0,1,68
0,1,3
1,0,1612
1,0,5
0,0,6
1,0,40
1,1,18
1,1,2
0,1,5
0,0,6
0,1,4
1,1,4
1,0,5
1,1,53
0,1,1
0,1,73
0,0,3
0,1,2
0,1,1
1,1,2
0,1,9
1,1,1
0,1,2
0,0,2
0,0,6
1,0,1
0,1,2
0,0,4
0,0,1145
0,0,4
0,0,2
0,1,3
0,0,1
0,0,92
0,1,1
1,1,4
0,0,2
0,0,2
1,0,1379
0,1,16
0,0,15
0,0,3
0,1,193
1,0,48
0,1,6
1,0,1
0,0,2
0,1,453
0,1,9
0,0,26
0,0,1
0,0,898
1,0,30
0,0,7
0,1,2
0,0,49
0,0,3
1,1,88
0,0,29
0,0,6
0,1,91
0,0,6
0,0,3
0,1,13
1,1,26
1,0,59
0,1,15
0,1,1
0,0,1
0,0,695
0,0,1491
0,0,1
1,0,83
0,0,13
1,1,9
0,0,1
1,0,6
0,0,2
0,0,20
1,0,81
0,1,3
0,1,1
1,0,1
0,0,57
0,1,3
0,0,2
0,1,2
0,1,9
0,1,29
1,1,2
0,0,3
0,0,2
1,0,3
0,1,1
1,1,2
0,0,1
0,1,14
0,0,64
0,1,3
1,0,57
0,0,2
0,0,2
0,0,2
0,1,5
0,0,35
0,1,3
0,1,2
0,1,-2
0,0,83
0,0,3
1,1,128
0,0,2
0,1,5
0,1,43
0,1,102
0,0,1
1,1,5
0,1,105
0,1,5
1,1,5
0,1,1
1,1,2
1,1,1
0,1,28
0,0,4
0,0,24
0,0,1
0,0,3
1,1,3
0,1,1
0,0,2
1,1,89
0,0,3
0,0,1
0,0,1
0,0,3
1,0,250
0,0,42
0,0,2
0,0,2
1,1,1
0,1,1
0,1,3
0,0,2
0,1,7
0,0,13
1,0,36
0,0,5
1,1,10
0,1,-10
0,0,1
1,1,10
0,0,371
0,1,1
0,1,5
1,1,7
0,1,49
0,1,57
0,1,40
1,0,86
1,0,3
1,1,7
1,0,1
0,0,115
0,1,1
0,1,71
1,1,217
0,0,2
0,1,1
0,0,4
1,1,53
0,1,6
0,1,36
1,1,6
1,0,5
0,0,82
0,0,1
0,1,50
0,0,4
0,0,2
0,0,54
0,0,1
1,1,5
0,0,8
0,0,2
0,0,16
1,0,441
1,1,3
0,0,6
0,0,1
0,0,1
1,0,2
0,1,7
0,0,5
1,0,8
0,1,3
0,0,64
0,0,173
1,0,6
1,0,4
0,0,8
0,0,3
1,1,51
1,0,4
1,1,2
1,1,12
0,1,2
0,0,-1
1,1,52
0,1,19
0,0,54
0,1,3
0,1,1
0,1,6
0,0,190
0,0,244
0,1,3
0,0,70
1,1,1
0,0,4
0,0,90
0,1,10
0,1,1
0,1,90
0,0,941
0,1,1
1,1,1
1,1,3
0,1,3
1,0,6
0,1,1
1,1,1
1,1,1
0,1,12
0,0,26
0,0,42
0,0,1255
0,1,86
1,0,1
0,0,1
1,1,4
0,1,26
0,1,2
0,1,1
0,1,4
0,0,1
0,1,3
0,0,659
0,1,3
0,0,6
1,1,56
1,1,4
0,0,4
0,0,1
0,0,2
0,0,1
0,0,2376
0,0,-19
1,0,393
0,1,28
0,0,19
0,0,1
1,1,2
0,1,4
0,1,1
0,0,1
1,1,50
1,1,1
0,0,103
0,1,1
0,0,201
0,1,-3
1,0,97
0,1,5
0,0,2
0,1,10
0,1,7
1,1,5
0,1,4
0,0,96
0,1,2
0,1,2
1,1,5
0,1,1
1,1,9
0,0,265
0,0,14
0,0,1
1,1,1
0,0,1
0,1,51
0,1,2
1,1,3
0,1,22
0,0,2
0,1,13
1,1,2
1,1,70
0,0,1
0,0,5
0,0,86
0,0,12
1,1,4
0,0,263
1,1,61
0,0,385
0,1,-4
1,1,5
0,0,1122
0,0,242
1,1,4
1,1,1
0,0,1
1,1,1
0,1,7
0,0,11
0,1,8
1,0,112
1,1,3
1,0,14
1,0,19
0,1,6
0,1,2
0,1,35
0,0,98
0,0,92
1,1,75
0,1,1
1,1,321
1,1,2
0,0,13
0,1,3
1,1,5
0,0,58
0,1,2
1,1,1
1,0,136
1,0,1
0,0,2
0,1,4
1,1,1
1,1,5
0,1,69
0,0,22
0,1,28
0,0,65
0,0,1
1,1,265
0,0,1
1,0,13
0,1,2
0,1,7
0,0,14
1,1,3
0,1,582
1,0,2
0,0,147
0,1,22
1,0,10
0,1,3
0,1,13
0,1,1
1,0,8
0,1,2
0,1,21
0,0,1
0,1,33
0,0,2
0,0,3
0,0,68
0,1,6
1,0,3
0,0,125
0,0,1
0,1,2
0,0,10
0,0,6
0,0,96
1,0,1
1,1,138
1,1,1
0,1,7
0,1,5
1,1,9
0,1,20
0,0,451
0,0,149
0,1,22
1,1,2
1,0,2
0,1,20
1,0,36
1,1,1
0,0,1
0,0,3
0,1,1
0,1,7
1,0,34
0,1,3
0,1,61
1,1,1
0,1,-3
0,1,2
0,1,2
0,0,1
0,0,7
0,0,1
0,0,6
0,0,7
0,1,11
0,0,4
0,1,7
0,0,79
0,1,2
0,0,180
0,0,2
0,1,1
0,1,19
0,0,2
0,0,3
0,0,0
1,0,3
0,1,2
0,0,72
0,1,2
1,1,3
0,0,108
0,1,1
1,0,7
0,1,3
0,0,62
0,0,4
0,0,1
0,1,3
0,1,1
0,0,65
0,1,5
0,0,2
0,0,9
0,1,5
0,1,2
0,1,7
0,0,217
0,0,92
1,1,3
0,1,1
1,0,2
0,0,83
0,0,10
0,0,6
0,0,1
0,1,20
0,1,1
1,1,368
0,1,0
1,0,13
0,1,2
1,1,3
0,0,1048
1,0,5352
0,0,3
0,1,39
0,0,1
0,0,62
0,0,8
0,0,8
0,0,54
1,1,1
0,0,5
1,1,16
1,1,1
0,0,2
1,1,186
0,0,4
0,0,7
1,0,5
0,1,3
0,0,7
0,0,47
0,0,12
1,0,7
0,0,22
0,1,0
0,0,5
0,0,59
0,0,157
1,0,249
1,1,1
0,0,2
0,0,13
0,0,67
1,0,27
1,0,2
1,1,18
1,1,41
0,1,3
0,0,1
0,0,185
0,1,3
0,0,1
0,0,3
0,0,2
1,0,7
0,1,1
0,0,98
0,0,7
0,0,16
1,1,2
1,1,1
0,1,-4
1,1,2
0,1,1
0,0,1
1,1,9
1,1,3
0,1,5
0,0,1074
0,0,252
0,0,28
0,0,8
0,0,1185
0,1,2
1,0,3
1,1,1
1,1,1
0,0,3
0,0,5
1,1,13
0,0,152
0,0,3
0,1,8
0,0,8
0,1,1
1,1,18
0,0,1
0,0,168
0,1,16
0,1,5
0,0,1
0,0,19
0,1,91
0,1,2
1,1,15
0,0,2
0,1,1
0,0,21
1,0,32
0,1,1
0,1,30
0,1,1
0,0,5
1,0,985
0,1,40
0,1,3
0,0,23
0,0,117
0,1,6
0,0,1
0,1,5
0,1,5
0,0,26
0,1,1
0,0,0
0,1,1
0,1,8
0,1,3
0,1,8
0,1,4
0,0,111
1,0,2
0,1,10
0,1,3
0,0,201
0,1,3
0,0,375
0,1,28
0,1,15
1,1,3
0,1,10
0,1,24
0,0,1
0,0,475
0,1,1
0,0,4
0,0,8
1,0,1
0,0,7
0,1,15
1,0,3396
0,0,1
0,1,18
0,1,34
0,0,28
1,1,18
0,1,2
0,0,4
1,1,8
0,1,0
0,1,6
0,0,2
0,1,1
1,1,27
1,1,16
1,1,17
0,1,4
0,0,63
0,1,3
0,0,44
0,0,38
0,0,2
0,0,0
0,1,1
0,1,3
0,1,49
0,1,13
1,1,255
1,1,2
1,1,1
0,0,4
0,0,1
1,0,3
0,1,1
1,0,5
1,0,13
0,0,1
0,0,1
1,1,4
0,0,69
0,1,3
0,1,8
0,1,5
0,1,22
1,1,2
0,0,62
0,1,1
0,1,15
0,0,1
0,0,92
1,0,4
0,0,10
0,0,3
0,0,1
1,1,15
1,0,38
0,0,3
0,1,42
0,1,10
1,0,34
1,1,0
0,0,74
0,0,2
0,1,1
1,1,13
0,0,1
0,0,7
0,1,1
0,0,1
0,1,2
0,1,1
0,0,2
0,0,4
0,0,2
0,1,29
0,0,3
1,0,29
1,1,69
1,1,3
0,1,2
0,1,5
0,0,176
0,0,2
1,0,2
0,1,10
1,1,2
1,1,1
1,1,5
0,1,8
1,1,2
0,0,1261
1,1,2
1,0,2
1,1,6
1,1,12
1,1,87
0,1,0
0,0,9
0,1,7
0,0,11
1,1,-3
0,0,1
0,0,27
0,1,2
0,1,11
0,1,1
0,0,3
0,0,7
1,0,6
0,0,13
0,1,1
0,0,1918
1,1,24
0,0,17
0,0,1
1,0,24
0,0,1
0,0,4
0,1,2
0,0,1
0,1,1
0,0,25
1,0,1
0,1,1
0,1,6
0,1,2
0,1,2
0,0,754
1,1,31
0,0,13
0,0,19
1,1,6
1,1,6
0,0,72
0,1,4
0,0,49
1,0,1
0,0,4
0,0,2
0,0,2
0,0,53
0,0,199
1,0,81
1,0,5
0,0,96
0,0,3
0,1,25
0,1,7
0,0,16
0,0,6
0,0,1
0,1,2
0,1,2
0,1,2
1,1,1
0,0,-6
0,1,5
1,0,2
0,0,-1
0,0,14
0,0,313
1,0,84
0,1,6
0,0,7622
0,0,1
1,0,1
1,0,9
0,0,1733
0,0,15
0,1,46
0,0,93
0,0,1
0,1,1
0,0,3
0,1,12
1,1,300
0,0,228
0,1,12
0,0,22
0,0,53
0,0,7
0,1,1
1,0,2
0,1,14
0,1,2
0,0,12
0,1,2
0,0,1
0,0,127
1,0,2
0,1,4
0,1,1
1,1,4
1,1,1
0,0,2
1,1,3
0,1,1
1,1,2
0,0,1
0,0,52
0,0,1
0,0,6
0,0,34
1,1,14
1,1,3
0,0,6
1,1,159
1,0,42
0,0,5
1,1,2
0,1,637
0,1,54
0,0,3
0,1,1
0,1,3
0,1,2
0,0,17
1,1,2
0,1,10
0,1,1
0,1,48
0,1,10
0,0,1
0,1,1
0,0,361
0,0,2
0,0,5
0,1,19
0,0,178
0,0,8
1,0,33
0,1,4
1,0,84
0,1,8
0,0,3
1,1,1
1,0,2
1,0,1
0,1,15
0,0,3
0,1,74
0,1,3
0,1,1
0,1,3
0,0,26
1,1,64
0,0,2
0,0,2
0,0,17
0,0,3
0,0,3
1,0,181
1,1,2
0,0,5
0,0,2
0,0,52
0,1,44
0,1,59
0,1,26
0,0,2
0,1,12
0,1,7
1,0,2
1,1,0
0,0,12
0,1,2
1,1,5
1,1,5
0,0,4
0,0,1
0,0,2
0,1,3
0,1,2
0,0,1
0,1,3
0,0,26
0,1,21
0,1,4
0,0,2
1,1,2
0,0,19
0,0,6
1,1,5
0,1,7
1,1,4
0,1,4
0,0,437
0,1,3
0,1,55
1,1,17
0,0,2
0,1,1
0,0,31
0,0,2
0,0,7
0,1,1
0,1,2
1,1,4
0,1,3
1,0,1
1,1,7
0,0,4
0,1,1
1,1,17
0,1,1
0,1,2
1,1,3
1,1,2
0,0,3
1,1,11
0,1,5
0,0,727
1,1,6
0,0,0
1,0,2
0,0,20
0,0,43
0,0,6
0,0,1
0,1,0
0,1,410
1,0,1
1,1,1
1,1,3
1,1,10
1,0,16
0,0,383
1,1,6
0,0,3
0,1,1
0,1,7
0,1,6
0,1,36
0,0,0
1,1,5
0,0,2
1,0,2
0,1,7
0,0,2
1,1,6
1,1,5
0,0,2
0,0,93
0,1,1
1,1,1
0,1,2
0,0,6
0,0,50
1,0,2
0,0,13
0,0,1
1,0,1
0,0,32
0,1,10
0,1,43
0,1,2
0,0,9
0,0,1
0,1,104
0,0,83
0,1,10
1,0,18
0,0,7
0,1,1
1,0,1
0,0,6
0,0,40
1,1,3
0,0,87
0,0,2
0,1,4
0,1,12
0,1,1
0,1,3
0,0,862
1,0,0
0,0,12
1,0,7
0,0,1
0,1,7
1,1,1
0,1,3
0,1,2
0,0,6
1,1,107
0,1,2
1,1,1
0,0,3
0,0,1
0,1,4
0,1,1
0,1,7
0,0,2
0,0,25
1,1,20
1,1,251
0,1,2
0,1,3
0,1,1
0,1,26
0,0,14
0,0,3975
0,0,11
1,1,6
1,1,4
1,1,27
0,0,10
0,1,5
1,0,2
0,1,20
1,1,35
1,1,2
1,0,23
0,0,2
0,0,64
1,0,3
0,1,3
0,1,106
0,0,2653
1,0,8
1,1,1
0,0,1
0,0,116
0,0,77
0,0,1
0,0,5821
0,1,3
0,0,1
0,0,466
0,1,1
0,0,3
0,1,5
1,1,37
0,0,2
0,0,1
1,0,52
0,0,6
1,1,8
0,1,2
0,0,2
0,0,1
0,1,3
0,0,2
1,1,-3
0,0,196
0,0,1
0,1,3
0,0,2
0,0,2
0,1,10
0,1,2
0,1,2
0,1,0
0,1,1
0,0,5
1,1,2
0,0,43
1,0,5
0,0,16
0,1,2
0,1,2
1,0,1
0,0,3
0,0,4
0,0,5
0,0,2
0,0,29
1,1,2
0,1,129
0,0,4
1,1,116
1,1,4
1,1,4
1,0,34
1,1,8
1,1,1
1,0,312
0,1,219
0,0,58
1,1,2
0,0,20
0,0,6
0,1,92
1,1,21
0,1,17
0,0,1
0,0,3
1,1,11
1,1,7
0,0,2
1,0,6
0,0,8
0,1,1
0,1,14
1,1,13
1,0,150
0,0,3
1,0,3
0,0,3
0,0,7
0,1,2
1,1,2
0,1,6
0,1,5
1,1,145
1,0,8
0,1,39
0,0,3
0,1,11
0,0,1
1,1,151
0,1,3
0,1,17
1,1,10
0,0,1
0,1,3
1,1,2
0,0,1
0,0,1
0,0,1
0,0,1
1,1,319
0,1,5
0,0,1
0,1,2
0,0,5
0,0,88
0,1,3
0,0,5
1,1,16
0,0,2513
0,0,141
0,1,33
0,0,32
0,1,2
0,0,11
1,1,3
0,1,2
0,1,5
0,0,2
0,0,78
0,1,1
1,0,2
0,0,1
0,1,21
1,1,2
0,1,2
0,0,680
1,1,13
0,1,0
0,0,6
1,0,27
0,0,3
1,1,220
1,0,1
1,1,1
0,1,4
1,1,1
0,1,2
0,0,1
0,0,41
0,0,13
1,1,10
0,0,3
0,1,7
0,0,7
0,0,1
0,0,30
0,1,22
1,0,1
0,1,0
0,1,5
1,1,1
1,1,17
0,1,3
0,0,64
0,1,4
0,0,0
1,1,85
0,0,74
0,1,5
0,0,1
0,0,3
0,0,1
1,0,100
1,1,-7
0,0,6
0,0,2
0,0,6
0,0,2
1,1,8
1,1,1
0,0,2
0,0,24
0,1,1
0,0,2
0,1,1
1,1,1
0,1,95
0,1,303
0,0,6
0,0,2
1,1,-2
0,0,4
0,0,6
1,0,2
0,0,5
1,1,5
0,0,2135
1,1,2
1,0,7
0,1,157
0,1,13
1,1,9
1,1,2
0,1,7
0,0,1
0,1,18
0,0,3
1,1,4
0,1,92
0,0,5
0,1,73
0,0,3
1,0,8
1,0,1
0,0,2
0,0,27
0,1,13
0,0,86
1,1,8
0,1,81
0,1,2
1,1,2
0,1,18
1,1,9
1,1,1
0,0,29
0,1,9
1,1,5
0,0,10
0,0,105
0,1,38
0,1,1
0,0,1
0,0,60
0,1,12
0,1,-19
0,1,38
0,0,4
1,0,21
1,0,1
0,0,186
1,1,3
0,1,5
1,0,4
0,1,18
0,1,2
0,1,4
0,1,0
0,1,1
0,1,10
1,1,189
0,1,4
0,1,3
0,0,61
0,0,273
1,1,173
0,1,0
0,1,11
1,1,1
0,1,7
0,0,92
1,1,4
1,0,3
0,1,3
0,0,1
0,0,42
1,1,1
0,0,15
0,0,3
0,1,43
0,0,8
1,0,14
0,0,7
1,1,1
0,0,14
0,1,2
0,0,2
0,1,48
0,0,21
0,0,28
0,0,54
0,0,8
0,1,3
0,0,1167
0,0,2
0,1,52
0,1,49
0,1,119
1,1,3
0,1,17
0,1,1
1,1,2
0,1,264
0,1,63
1,0,23
0,0,1
0,0,1
0,1,1
0,0,1216
0,0,9
0,0,0
0,0,7
1,0,1
0,1,4
0,0,1
1,1,1
1,1,730
1,1,13
0,1,2
0,0,5
1,1,8
0,1,20
0,1,30
0,0,5
1,0,7
0,1,5
0,0,3
0,1,5
0,1,1
0,0,52
0,1,1
0,1,2
1,1,2
1,1,10
1,0,9
0,1,1
0,0,13
0,0,28
0,0,1
0,1,1
0,1,6
0,0,1
0,1,2
0,0,47
0,1,207
1,0,1
0,0,1
1,1,6
0,0,2
0,0,19
0,0,164
0,0,3
0,1,6
