0,"[('want', 0.029259338974952698), ('like', 0.022091751918196678), ('would', 0.021503109484910965), ('think', 0.020464329048991203), ('saying', 0.01838676631450653), ('bad', 0.016309205442667007), ('get', 0.015720563009381294), ('team', 0.01419701799750328), ('make', 0.012292586266994476), ('say', 0.011738569475710392), ('need', 0.011288431473076344), ('point', 0.010561284609138966), ('work', 0.010457406751811504), ('matter', 0.01018039882183075), ('going', 0.010145772248506546), ('good', 0.010076520033180714), ('either', 0.009176244027912617), ('try', 0.008483722805976868), ('feel', 0.008345218375325203), ('look', 0.008206714875996113), ('know', 0.007860453799366951), ('mean', 0.007687324192374945), ('else', 0.007687324192374945), ('situation', 0.00754881976172328), ('shit', 0.007514194119721651), ('making', 0.007479568012058735), ('maybe', 0.0070986817590892315), ('reason', 0.006752421148121357), ('understand', 0.00619840482249856), ('worse', 0.0060599008575081825), ('big', 0.005956022534519434), ('cost', 0.005956022534519434), ('least', 0.005748266354203224), ('well', 0.005575136281549931), ('enough', 0.005540510173887014), ('never', 0.0055058845318853855), ('real', 0.0055058845318853855), ('trying', 0.005436632316559553), ('alone', 0.005367380101233721), ('may', 0.005090372171252966)]"
1,"[('queen', 0.04462190717458725), ('british', 0.027263876050710678), ('monarchy', 0.020987525582313538), ('uk', 0.020497184246778488), ('royal', 0.018830029293894768), ('family', 0.016574466601014137), ('people', 0.015986058861017227), ('monarch', 0.012847883626818657), ('country', 0.012455612421035767), ('king', 0.011671069078147411), ('charles', 0.009121301583945751), ('death', 0.009023233316838741), ('political', 0.009023233316838741), ('state', 0.008729029446840286), ('died', 0.008434825576841831), ('tory', 0.008336758241057396), ('george', 0.008140621706843376), ('world', 0.007944486103951931), ('head', 0.0074541461654007435), ('power', 0.007356078363955021), ('elizabeth', 0.007258010096848011), ('day', 0.007061874493956566), ('respect', 0.006571534555405378), ('party', 0.006179262418299913), ('conservative', 0.005983126349747181), ('life', 0.005492786411195993), ('god', 0.005492786411195993), ('black', 0.005394718609750271), ('right', 0.005394718609750271), ('empire', 0.005296650808304548), ('long', 0.005100514739751816), ('britain', 0.005100514739751816), ('minute', 0.005100514739751816), ('would', 0.005002446938306093), ('commonwealth', 0.005002446938306093), ('old', 0.005002446938306093), ('silence', 0.004904378671199083), ('mourning', 0.004806310869753361), ('government', 0.004708243068307638), ('public', 0.004708243068307638)]"
2,"[('yellow', 0.07256539911031723), ('livery', 0.057552170008420944), ('ferrari', 0.037092968821525574), ('red', 0.032677315175533295), ('look', 0.026789775118231773), ('white', 0.022079743444919586), ('would', 0.018841596320271492), ('like', 0.01707533560693264), ('color', 0.016339393332600594), ('colour', 0.015456262975931168), ('black', 0.014573131687939167), ('rear', 0.01280687004327774), ('full', 0.011923739686608315), ('special', 0.011040608398616314), ('race', 0.010010289028286934), ('think', 0.00868559256196022), ('paint', 0.00868559256196022), ('amg', 0.00868559256196022), ('sponsor', 0.008244026452302933), ('blue', 0.008244026452302933), ('nice', 0.008096838369965553), ('mercedes', 0.007655272725969553), ('racing', 0.007508084177970886), ('medium', 0.00721370754763484), ('silver', 0.00677214190363884), ('one', 0.00677214190363884), ('good', 0.006624953355640173), ('logo', 0.006624953355640173), ('eagle', 0.00618338817730546), ('suit', 0.0058890110813081264), ('make', 0.0058890110813081264), ('run', 0.0058890110813081264), ('something', 0.00574182253330946), ('monza', 0.005447445437312126), ('italian', 0.00515306880697608), ('pig', 0.005005880258977413), ('renault', 0.004858691710978746), ('looked', 0.00471150316298008), ('gp', 0.00471150316298008), ('much', 0.0045643150806427)]"
3,"[('latifi', 0.06714639812707901), ('vries', 0.05064583942294121), ('de', 0.048739831894636154), ('williams', 0.04574467986822128), ('nyck', 0.031966980546712875), ('driver', 0.029843147844076157), ('albon', 0.028318343684077263), ('car', 0.02575884945690632), ('goat', 0.02074877731502056), ('f1', 0.016283279284834862), ('seat', 0.01590207777917385), ('point', 0.012689095921814442), ('good', 0.011055377312004566), ('get', 0.01094646193087101), ('year', 0.010837547481060028), ('next', 0.0099662309512496), ('guy', 0.008877084590494633), ('drive', 0.008768170140683651), ('f2', 0.008550341241061687), ('one', 0.008550341241061687), ('need', 0.008169139735400677), ('like', 0.007842396385967731), ('last', 0.007733481470495462), ('russell', 0.007515652105212212), ('make', 0.007134451065212488), ('alex', 0.006698793265968561), ('weekend', 0.005990847945213318), ('got', 0.005936390720307827), ('chance', 0.005881933495402336), ('season', 0.005827476270496845), ('fe', 0.0055551896803081036), ('someone', 0.005282903090119362), ('20', 0.005282903090119362), ('monza', 0.005228445865213871), ('worst', 0.00517398864030838), ('sargeant', 0.005119531415402889), ('rookie', 0.005065073724836111), ('go', 0.004956159275025129), ('driving', 0.004956159275025129), ('give', 0.0049017020501196384)]"
4,"[('country', 0.05170031636953354), ('american', 0.02525581791996956), ('u', 0.023140257224440575), ('f1', 0.018248025327920914), ('america', 0.017983580008149147), ('south', 0.017322467640042305), ('europe', 0.015735799446702003), ('european', 0.015735799446702003), ('world', 0.014810241758823395), ('north', 0.013223571702837944), ('dog', 0.010050231590867043), ('day', 0.00978578720241785), ('right', 0.009124674834311008), ('http', 0.009124674834311008), ('east', 0.008992452174425125), ('usa', 0.008463562466204166), ('west', 0.008066894486546516), ('city', 0.007934671826660633), ('government', 0.007670226506888866), ('germany', 0.007405781652778387), ('human', 0.006744669284671545), ('tax', 0.006744669284671545), ('bring', 0.006612446624785662), ('western', 0.006612446624785662), ('population', 0.006348001770675182), ('german', 0.006215779110789299), ('crime', 0.00595133425667882), ('nation', 0.005819111596792936), ('war', 0.005422444082796574), ('continent', 0.005422444082796574), ('australia', 0.005290221888571978), ('hosting', 0.005157999228686094), ('shot', 0.005025776568800211), ('fia', 0.005025776568800211), ('event', 0.004893554374575615), ('attack', 0.004761331714689732), ('main', 0.004629109054803848), ('economic', 0.004629109054803848), ('support', 0.004629109054803848), ('fine', 0.004496886860579252)]"
5,"[('team', 0.12147887796163559), ('money', 0.023151196539402008), ('new', 0.019083503633737564), ('f1', 0.018782194703817368), ('sauber', 0.01853110082447529), ('audi', 0.016572583466768265), ('name', 0.014463408850133419), ('sport', 0.01396122481673956), ('would', 0.013358604162931442), ('williams', 0.013107512146234512), ('engine', 0.012755981646478176), ('could', 0.011550739407539368), ('alfa', 0.011500521562993526), ('haas', 0.011249429546296597), ('sponsor', 0.011048555374145508), ('budget', 0.010797463357448578), ('cap', 0.010596590116620064), ('even', 0.009692657738924026), ('50', 0.00888916291296482), ('cost', 0.007935013622045517), ('make', 0.0073323920369148254), ('another', 0.006729770917445421), ('manufacturer', 0.006729770917445421), ('come', 0.006428460590541363), ('german', 0.006328023970127106), ('going', 0.006177368573844433), ('grid', 0.006177368573844433), ('control', 0.0058258394710719585), ('development', 0.0058258394710719585), ('year', 0.0058258394710719585), ('facility', 0.00527343712747097), ('3', 0.00527343712747097), ('chassis', 0.005223218351602554), ('partnership', 0.005173000041395426), ('right', 0.004972126334905624), ('bmw', 0.004972126334905624), ('factory', 0.004871689714491367), ('martin', 0.004269068595021963), ('winning', 0.004218849819153547), ('bring', 0.004218849819153547)]"
6,"[('porsche', 0.0664285346865654), ('engine', 0.04892655462026596), ('honda', 0.045062482357025146), ('f1', 0.02523069456219673), ('audi', 0.02273041196167469), ('red', 0.021537095308303833), ('bull', 0.020741550251841545), ('car', 0.0172752495855093), ('want', 0.016707003116607666), ('company', 0.014604493044316769), ('would', 0.012672455050051212), ('andretti', 0.011649612337350845), ('mercedes', 0.010967717505991459), ('manufacturer', 0.010399471037089825), ('buy', 0.009717576205730438), ('deal', 0.009490277618169785), ('ferrari', 0.009206154383718967), ('2026', 0.0081833116710186), ('back', 0.007558240555226803), ('rbpt', 0.0073877670802176), ('sauber', 0.00710364431142807), ('wanted', 0.006989995017647743), ('already', 0.006876345723867416), ('work', 0.006876345723867416), ('racing', 0.006592222955077887), ('mclaren', 0.00647857366129756), ('like', 0.006251275073736906), ('new', 0.006194450426846743), ('power', 0.006194450426846743), ('sell', 0.006194450426846743), ('romeo', 0.005910327658057213), ('build', 0.005796678364276886), ('brand', 0.005796678364276886), ('partner', 0.005683029070496559), ('buying', 0.005512555129826069), ('still', 0.005512555129826069), ('vw', 0.005398906301707029), ('take', 0.005114783067256212), ('motorsport', 0.004830659832805395), ('run', 0.004830659832805395)]"
7,"[('contract', 0.06325500458478928), ('piastri', 0.03547723963856697), ('williams', 0.02681582421064377), ('alpine', 0.026509612798690796), ('signed', 0.022222651168704033), ('seat', 0.018591856583952904), ('would', 0.017848199233412743), ('rookie', 0.015048550441861153), ('deal', 0.01456736121326685), ('academy', 0.013561236672103405), ('mclaren', 0.013036303222179413), ('2023', 0.011024054139852524), ('junior', 0.010499120689928532), ('drive', 0.009974186308681965), ('driving', 0.00839938409626484), ('right', 0.008268150500953197), ('oscar', 0.007305771112442017), ('pay', 0.007174537517130375), ('signing', 0.007043303921818733), ('driver', 0.0066933478228747845), ('win', 0.006387135945260525), ('million', 0.006124669220298529), ('thought', 0.006080924533307552), ('reserve', 0.005905946716666222), ('around', 0.005862202029675245), ('thing', 0.005381012801080942), ('lawyer', 0.0052935234270989895), ('already', 0.005206034518778324), ('career', 0.005162290297448635), ('leave', 0.0050748009234666824), ('clause', 0.005031056702136993), ('got', 0.004987312015146017), ('case', 0.004812334198504686), ('tweet', 0.004593611229211092), ('agreement', 0.004506122320890427), ('go', 0.004418633412569761), ('talking', 0.004199910908937454), ('left', 0.004156166221946478), ('buy', 0.004112422000616789), ('sign', 0.0040686773136258125)]"
8,"[('f1', 0.05778001993894577), ('f2', 0.0425250306725502), ('series', 0.025026660412549973), ('f3', 0.02203548513352871), ('formula', 0.02044019103050232), ('racing', 0.01899445801973343), ('much', 0.01575401797890663), ('got', 0.015255489386618137), ('champion', 0.015205636620521545), ('career', 0.015205636620521545), ('season', 0.015056077390909195), ('championship', 0.014358136802911758), ('enough', 0.012064902111887932), ('talent', 0.011666079051792622), ('experience', 0.011366961523890495), ('5', 0.010918285697698593), ('talented', 0.009821521118283272), ('one', 0.009173433296382427), ('level', 0.009023874998092651), ('time', 0.008724757470190525), ('like', 0.008724757470190525), ('current', 0.00807666964828968), ('world', 0.007378729060292244), ('driver', 0.007229170296341181), ('top', 0.006630935240536928), ('standing', 0.006381670478731394), ('real', 0.006232112180441618), ('behind', 0.0058831418864429), ('champ', 0.005584024358540773), ('good', 0.005584024358540773), ('result', 0.005584024358540773), ('far', 0.005384612828493118), ('2', 0.005284906830638647), ('max', 0.005085495300590992), ('coming', 0.004886083770543337), ('1', 0.004886083770543337), ('best', 0.004736525006592274), ('2nd', 0.004736525006592274), ('spot', 0.004736525006592274), ('performance', 0.0045869662426412106)]"
9,"[('mercedes', 0.03227032348513603), ('ferrari', 0.030219538137316704), ('floor', 0.029133828356862068), ('merc', 0.02388622798025608), ('engine', 0.023524325340986252), ('team', 0.0227402001619339), ('year', 0.020146559923887253), ('fia', 0.016286257654428482), ('rb', 0.014838642440736294), ('season', 0.013511663302779198), ('rule', 0.013511663302779198), ('next', 0.01212436705827713), ('bull', 0.012003731913864613), ('wing', 0.011521194130182266), ('change', 0.01037516724318266), ('downforce', 0.009892629459500313), ('regulation', 0.009771994315087795), ('new', 0.009771994315087795), ('design', 0.009229139424860477), ('would', 0.0084450151771307), ('budget', 0.008384698070585728), ('td', 0.008264063857495785), ('fuel', 0.00772120850160718), ('red', 0.0076608918607234955), ('toto', 0.0075402576476335526), ('cap', 0.007419622968882322), ('aero', 0.006997402291744947), ('cheating', 0.006937085185199976), ('part', 0.006695816293358803), ('high', 0.006333912722766399), ('run', 0.006273595616221428), ('car', 0.0062132785096764565), ('last', 0.005670423153787851), ('weight', 0.0051275682635605335), ('win', 0.005067250691354275), ('newey', 0.005006933584809303), ('spa', 0.004946616478264332), ('could', 0.00488629937171936), ('porpoising', 0.004825981799513102), ('power', 0.004705347586423159)]"
10,"[('driver', 0.057676106691360474), ('car', 0.04840105399489403), ('point', 0.03006417118012905), ('race', 0.026396796107292175), ('better', 0.02324114553630352), ('year', 0.019509803503751755), ('good', 0.01609829068183899), ('top', 0.015160124748945236), ('season', 0.013369079679250717), ('best', 0.011961830779910088), ('people', 0.010085498914122581), ('even', 0.009893600828945637), ('great', 0.00968038197606802), ('beat', 0.009573771618306637), ('teammate', 0.009488483890891075), ('bad', 0.009360551834106445), ('zhou', 0.009296586737036705), ('look', 0.00923262070864439), ('pace', 0.00897675659507513), ('driving', 0.008081234991550446), ('lot', 0.007868015207350254), ('drive', 0.0078040496446192265), ('grid', 0.007569507695734501), ('much', 0.007548185996711254), ('stroll', 0.007548185996711254), ('talent', 0.007271000649780035), ('well', 0.007249678485095501), ('mean', 0.006652663927525282), ('finished', 0.006631341762840748), ('average', 0.006610020063817501), ('every', 0.006588697899132967), ('last', 0.006524731870740652), ('level', 0.006503410171717405), ('also', 0.006332834251224995), ('like', 0.006268868688493967), ('second', 0.005586565937846899), ('luck', 0.005543922074139118), ('close', 0.005479956045746803), ('think', 0.005394667852669954), ('impressive', 0.005160126369446516)]"
11,"[('f1', 0.061820827424526215), ('team', 0.04917820543050766), ('andretti', 0.04028550907969475), ('nascar', 0.030535688623785973), ('american', 0.028767865151166916), ('racing', 0.028446441516280174), ('car', 0.022928686812520027), ('fan', 0.016125239431858063), ('race', 0.014893119223415852), ('want', 0.014196704141795635), ('kimi', 0.013875281438231468), ('indycar', 0.013821710832417011), ('u', 0.012750301510095596), ('sport', 0.011411040090024471), ('indy', 0.011036046780645847), ('top', 0.010607482865452766), ('series', 0.010553913190960884), ('win', 0.008625376969575882), ('see', 0.0077682496048510075), ('sponsor', 0.006857552099972963), ('would', 0.0063218483701348305), ('like', 0.0063218483701348305), ('make', 0.006214707158505917), ('america', 0.0060004256665706635), ('world', 0.00589328445494175), ('field', 0.00589328445494175), ('best', 0.005786143708974123), ('10', 0.005786143708974123), ('join', 0.00557186221703887), ('grid', 0.005464721005409956), ('great', 0.0049825869500637054), ('care', 0.004768305458128452), ('run', 0.004714734852313995), ('haas', 0.004607594106346369), ('european', 0.004607594106346369), ('getting', 0.004554023500531912), ('new', 0.004339742008596659), ('30', 0.004286171402782202), ('mean', 0.004232600796967745), ('guy', 0.004071889445185661)]"
12,"[('bike', 0.08303393423557281), ('helmet', 0.03828494995832443), ('ride', 0.025351719930768013), ('wear', 0.021730415523052216), ('gear', 0.018109111115336418), ('motorcycle', 0.015005134046077728), ('road', 0.012418488040566444), ('riding', 0.012418488040566444), ('rider', 0.011901158839464188), ('accident', 0.01164249423891306), ('wearing', 0.011125165037810802), ('need', 0.011125165037810802), ('netherlands', 0.011125165037810802), ('r1', 0.011125165037810802), ('risk', 0.010866500437259674), ('injury', 0.010866500437259674), ('covid', 0.010866500437259674), ('vaccine', 0.010607835836708546), ('cycling', 0.00983184203505516), ('head', 0.009314512833952904), ('people', 0.009314512833952904), ('bicycle', 0.00827985443174839), ('dutch', 0.007762525230646133), ('cyclist', 0.007503860630095005), ('safe', 0.006986531428992748), ('without', 0.00672786682844162), ('safety', 0.00672786682844162), ('take', 0.0064692022278904915), ('protection', 0.0064692022278904915), ('shifting', 0.005951873026788235), ('even', 0.005693208426237106), ('protective', 0.005693208426237106), ('hit', 0.0051758792251348495), ('pant', 0.004917214624583721), ('least', 0.004658550024032593), ('edema', 0.004399885423481464), ('cycle', 0.004399885423481464), ('small', 0.004399885423481464), ('boot', 0.004399885423481464), ('team', 0.004141220357269049)]"
13,"[('car', 0.054945435374975204), ('safety', 0.04235219210386276), ('race', 0.04070785269141197), ('flag', 0.03517324477434158), ('red', 0.03380964323878288), ('sc', 0.02879641205072403), ('lap', 0.027753658592700958), ('rule', 0.02655048295855522), ('track', 0.01596253551542759), ('would', 0.014839570969343185), ('end', 0.01203216053545475), ('abu', 0.011911842972040176), ('finish', 0.011430572718381882), ('dhabi', 0.011430572718381882), ('yellow', 0.010427925735712051), ('racing', 0.009345066733658314), ('last', 0.008863796480000019), ('sport', 0.00709913857281208), ('fia', 0.006858503445982933), ('entertainment', 0.006698079872876406), ('people', 0.006297021638602018), ('green', 0.006056386046111584), ('masi', 0.006016280502080917), ('ending', 0.00577564537525177), ('change', 0.005735539365559816), ('time', 0.005695433355867863), ('vsc', 0.005695433355867863), ('long', 0.005615221802145243), ('restart', 0.005454798229038715), ('need', 0.005414692685008049), ('go', 0.005414692685008049), ('behind', 0.005374586675316095), ('way', 0.005214163102209568), ('leader', 0.004973528441041708), ('take', 0.004772998858243227), ('get', 0.004732892848551273), ('situation', 0.004732892848551273), ('happened', 0.004692787304520607), ('today', 0.004652681294828653), ('lapped', 0.004371940158307552)]"
14,"[('driver', 0.03949274495244026), ('point', 0.022584984079003334), ('incident', 0.02191355638206005), ('fault', 0.020082391798496246), ('would', 0.018434341996908188), ('think', 0.015016165561974049), ('one', 0.014283699914813042), ('see', 0.014283699914813042), ('could', 0.014222661033272743), ('max', 0.013673311099410057), ('mistake', 0.012635651044547558), ('hamilton', 0.012330456636846066), ('racing', 0.01214733999222517), ('race', 0.011903184466063976), ('dangerous', 0.011475913226604462), ('lap', 0.011048641055822372), ('line', 0.010010981000959873), ('hit', 0.009888903237879276), ('penalty', 0.009705786593258381), ('corner', 0.009217475540935993), ('enough', 0.008851242251694202), ('got', 0.008118776604533195), ('always', 0.007996698841452599), ('almost', 0.007691504899412394), ('like', 0.007630466017872095), ('even', 0.0075083887204527855), ('thing', 0.007264233194291592), ('get', 0.006836961023509502), ('know', 0.006836961023509502), ('way', 0.006226572673767805), ('damage', 0.005799300968647003), ('excuse', 0.005677223205566406), ('space', 0.005555145442485809), ('case', 0.005494106560945511), ('track', 0.005494106560945511), ('turn', 0.005372028797864914), ('last', 0.005372028797864914), ('first', 0.0051889121532440186), ('accident', 0.005066834855824709), ('say', 0.0050057959742844105)]"
15,"[('lewis', 0.036028243601322174), ('would', 0.034897103905677795), ('pit', 0.029482074081897736), ('russell', 0.025847986340522766), ('george', 0.023826375603675842), ('softs', 0.020432956516742706), ('strategy', 0.018796414136886597), ('hamilton', 0.017569007351994514), ('call', 0.01653413474559784), ('win', 0.015017925761640072), ('merc', 0.014945724979043007), ('medium', 0.014897591434419155), ('2', 0.014777258038520813), ('3', 0.013020381331443787), ('mercedes', 0.012731579132378101), ('tyre', 0.01261124573647976), ('chance', 0.012105843052268028), ('team', 0.009506627917289734), ('position', 0.009434427134692669), ('stop', 0.009265960194170475), ('pitted', 0.009025291539728642), ('made', 0.00873649027198553), ('behind', 0.008640223182737827), ('tire', 0.008158886805176735), ('right', 0.007918219082057476), ('could', 0.007653484120965004), ('going', 0.007460949942469597), ('one', 0.007292482070624828), ('safety', 0.0072684152983129025), ('pitting', 0.007124014664441347), ('track', 0.0066908118315041065), ('4', 0.00637794379144907), ('race', 0.006016941275447607), ('soft', 0.005968807730823755), ('sc', 0.0059206741861999035), ('restart', 0.005896607413887978), ('go', 0.005535605363547802), ('get', 0.005511538125574589), ('vsc', 0.00527087040245533), ('fresh', 0.005222736857831478)]"
16,"[('bull', 0.0995766818523407), ('rb', 0.09457243978977203), ('red', 0.08880484849214554), ('max', 0.036981310695409775), ('marko', 0.027566559612751007), ('rbr', 0.02247750572860241), ('checo', 0.019678523764014244), ('horner', 0.019508888944983482), ('redbull', 0.016370639204978943), ('would', 0.015352828428149223), ('alpha', 0.012977936305105686), ('win', 0.012553848326206207), ('tauri', 0.010518227703869343), ('also', 0.010433409363031387), ('championship', 0.010263774544000626), ('race', 0.009754869155585766), ('newey', 0.009754869155585766), ('need', 0.009585234336555004), ('helmut', 0.009076328948140144), ('tsunoda', 0.008652240969240665), ('go', 0.008397787809371948), ('verstappen', 0.00797369983047247), ('yuki', 0.007888882420957088), ('look', 0.007804065011441708), ('way', 0.007549612317234278), ('toto', 0.007040706928819418), ('give', 0.007040706928819418), ('albon', 0.00593807827681303), ('http', 0.0056836255826056), ('one', 0.005513990297913551), ('sense', 0.005089902319014072), ('good', 0.0050050849094986916), ('second', 0.0046658143401145935), ('come', 0.004241726826876402), ('wcc', 0.004241726826876402), ('adrian', 0.004156908951699734), ('christian', 0.004072091542184353), ('option', 0.003987274132668972), ('least', 0.003902456257492304), ('hand', 0.003817638847976923)]"
17,"[('wing', 0.0561034120619297), ('force', 0.04159432649612427), ('drag', 0.024989480152726173), ('drs', 0.021604027599096298), ('rear', 0.019508272409439087), ('downforce', 0.01886342465877533), ('lift', 0.017090091481804848), ('halo', 0.014833122491836548), ('speed', 0.014188273809850216), ('g', 0.013865849934518337), ('surface', 0.011608880944550037), ('car', 0.01112524513155222), ('ground', 0.010802820324897766), ('would', 0.010802820324897766), ('suspension', 0.010641608387231827), ('medical', 0.009674335829913616), ('impact', 0.009351911954581738), ('stall', 0.009190699085593224), ('straight', 0.009029487147927284), ('air', 0.008868275210261345), ('acceleration', 0.008545851334929466), ('high', 0.007739790715277195), ('crash', 0.007417366839945316), ('gravity', 0.006933730561286211), ('also', 0.006772518623620272), ('back', 0.006127670407295227), ('angle', 0.005644034128636122), ('since', 0.005482822190970182), ('com', 0.005482822190970182), ('stalling', 0.005321609787642956), ('hit', 0.005321609787642956), ('pressure', 0.0051603978499770164), ('airflow', 0.004999185912311077), ('element', 0.004999185912311077), ('normal', 0.004837973974645138), ('increase', 0.004837973974645138), ('45g', 0.0046767620369791985), ('frame', 0.0046767620369791985), ('induced', 0.0046767620369791985), ('centrifugal', 0.0046767620369791985)]"
18,"[('yuki', 0.041736967861652374), ('team', 0.036401428282260895), ('conspiracy', 0.034504346549510956), ('car', 0.02715315669775009), ('would', 0.02312185987830162), ('belt', 0.01968340016901493), ('issue', 0.01683777943253517), ('something', 0.01660064421594143), ('back', 0.015177832916378975), ('championship', 0.013517888262867928), ('help', 0.013280753046274185), ('theory', 0.0128064826130867), ('seatbelt', 0.010553698986768723), ('hannah', 0.010079428553581238), ('brawn', 0.010079428553581238), ('fia', 0.009960860945284367), ('loose', 0.009723726660013199), ('toto', 0.009723726660013199), ('lead', 0.009486591443419456), ('stopped', 0.009130888618528843), ('driver', 0.0088937534019351), ('mercedes', 0.008656618185341358), ('safety', 0.008656618185341358), ('think', 0.008300915360450745), ('seat', 0.007352374494075775), ('told', 0.007233806885778904), ('people', 0.007115239277482033), ('alpha', 0.007115239277482033), ('button', 0.00687810406088829), ('really', 0.00687810406088829), ('fine', 0.00687810406088829), ('retire', 0.006640969309955835), ('point', 0.006640969309955835), ('benetton', 0.006522401701658964), ('problem', 0.006285266485065222), ('without', 0.006048131268471479), ('already', 0.005929563660174608), ('merc', 0.005929563660174608), ('thought', 0.005573860835283995), ('tauri', 0.005573860835283995)]"
19,"[('alpine', 0.10993847250938416), ('piastri', 0.05359889939427376), ('mclaren', 0.033855970948934555), ('alonso', 0.03304106742143631), ('otmar', 0.020965656265616417), ('team', 0.0205952450633049), ('contract', 0.02048412151634693), ('driver', 0.01792828179895878), ('like', 0.016224389895796776), ('ocon', 0.015076114796102047), ('oscar', 0.013446304015815258), ('even', 0.011927617713809013), ('one', 0.010483013466000557), ('renault', 0.009594026021659374), ('rossi', 0.009075449779629707), ('crb', 0.008964326232671738), ('seat', 0.007297474425286055), ('management', 0.007223392371088266), ('legal', 0.007223392371088266), ('said', 0.007223392371088266), ('would', 0.007149310316890478), ('look', 0.006964104250073433), ('year', 0.006741857621818781), ('term', 0.00618624035269022), ('next', 0.005852870177477598), ('sign', 0.00566766457632184), ('told', 0.005408376455307007), ('situation', 0.005297252908349037), ('french', 0.005149088799953461), ('court', 0.005000924225896597), ('f1', 0.004926841706037521), ('better', 0.004926841706037521), ('also', 0.004852759651839733), ('put', 0.004778677131980658), ('could', 0.004704595077782869), ('statement', 0.004667554050683975), ('make', 0.004630513023585081), ('wanted', 0.004482348449528217), ('announcement', 0.004482348449528217), ('drive', 0.004445307422429323)]"
20,"[('ticket', 0.04087604954838753), ('get', 0.02632414922118187), ('experience', 0.01851581409573555), ('food', 0.0167411919683218), ('queue', 0.016090497374534607), ('token', 0.015972189605236053), ('water', 0.015262340195477009), ('go', 0.015144032426178455), ('grandstand', 0.014670798555016518), ('monza', 0.014552490785717964), ('price', 0.01437502820044756), ('event', 0.013783487491309643), ('people', 0.012245481833815575), ('seat', 0.011831403709948063), ('line', 0.01118070911616087), ('went', 0.0104708606377244), ('year', 0.009701857343316078), ('got', 0.009701857343316078), ('bottle', 0.009642703458666801), ('drink', 0.00940608698874712), ('ga', 0.009051162749528885), ('system', 0.008459622040390968), ('going', 0.008282160386443138), ('buy', 0.007868081331253052), ('could', 0.007808927446603775), ('even', 0.0075723109766840935), ('stand', 0.0069807711988687515), ('bring', 0.006685000844299793), ('money', 0.0065666926093399525), ('weekend', 0.006389230489730835), ('much', 0.006270922254770994), ('italy', 0.006093460135161877), ('great', 0.006093460135161877), ('beer', 0.005975151900202036), ('hour', 0.005975151900202036), ('walk', 0.005679381545633078), ('really', 0.005620227660983801), ('back', 0.005206149071455002), ('issue', 0.005146995186805725), ('like', 0.004732916597276926)]"
21,"[('driver', 0.05320923775434494), ('f1', 0.04684411361813545), ('indycar', 0.04326556250452995), ('point', 0.039217691868543625), ('herta', 0.03320455178618431), ('f2', 0.029801996424794197), ('indy', 0.027778061106801033), ('series', 0.026839425787329674), ('sl', 0.02299688383936882), ('fia', 0.021852919831871986), ('super', 0.01595711149275303), ('system', 0.014637153595685959), ('would', 0.014079838059842587), ('license', 0.01237856037914753), ('oval', 0.01193857379257679), ('rule', 0.011381259188055992), ('get', 0.011263929307460785), ('american', 0.01014929823577404), ('feeder', 0.00926932692527771), ('even', 0.008594682440161705), ('race', 0.00748005136847496), ('colton', 0.007128062658011913), ('like', 0.007040065247565508), ('need', 0.006776073947548866), ('f3', 0.006189426407217979), ('track', 0.006189426407217979), ('make', 0.005984099581837654), ('top', 0.005749440751969814), ('also', 0.005485448986291885), ('3', 0.005426784511655569), ('mazepin', 0.0052507901564240456), ('competitive', 0.0052507901564240456), ('enough', 0.005133460275828838), ('road', 0.00504546333104372), ('talent', 0.004986798390746117), ('seat', 0.004957466386258602), ('win', 0.004869468975812197), ('superlicense', 0.004693474620580673), ('palou', 0.004605477675795555), ('go', 0.0045468127354979515)]"
22,"[('money', 0.032553184777498245), ('pay', 0.027366280555725098), ('kid', 0.01422016229480505), ('year', 0.01368358638137579), ('rich', 0.012610433623194695), ('place', 0.01189499907195568), ('experience', 0.01189499907195568), ('make', 0.011716140434145927), ('exception', 0.010195842012763023), ('latifi', 0.010106412693858147), ('day', 0.009659265168011189), ('system', 0.009480406530201435), ('everyone', 0.009033259935677052), ('run', 0.008943830616772175), ('old', 0.008407254703342915), ('worth', 0.008407254703342915), ('european', 0.007870678789913654), ('circuit', 0.007155243307352066), ('football', 0.006976384669542313), ('age', 0.006886955350637436), ('risk', 0.006529238075017929), ('crypto', 0.006529238075017929), ('case', 0.006529238075017929), ('problem', 0.006439808756113052), ('europe', 0.006260949652642012), ('family', 0.006171520333737135), ('current', 0.006082091014832258), ('cash', 0.0059926616959273815), ('rookie', 0.005903232377022505), ('buy', 0.005903232377022505), ('world', 0.005724373739212751), ('expensive', 0.005634943954646587), ('point', 0.005545514635741711), ('requirement', 0.005456085316836834), ('junior', 0.0052772266790270805), ('deal', 0.00509836757555604), ('based', 0.00509836757555604), ('use', 0.00509836757555604), ('poor', 0.005008938256651163), ('financial', 0.005008938256651163)]"
23,"[('train', 0.028363196179270744), ('people', 0.022141791880130768), ('time', 0.022050300613045692), ('hour', 0.020220475271344185), ('day', 0.014365036971867085), ('bus', 0.013724598102271557), ('bad', 0.012901177629828453), ('italian', 0.012626703828573227), ('5', 0.01216924749314785), ('took', 0.011803282424807549), ('shit', 0.010522406548261642), ('station', 0.010064950212836266), ('long', 0.010064950212836266), ('lot', 0.009881967678666115), ('city', 0.009516002610325813), ('minute', 0.009424511343240738), ('area', 0.009241528809070587), ('well', 0.009150037541985512), ('good', 0.009058546274900436), ('gp', 0.008875563740730286), ('also', 0.008418108336627483), ('toilet', 0.007777669467031956), ('transport', 0.007594686932861805), ('year', 0.00750319566577673), ('public', 0.007320213131606579), ('place', 0.0072287218645215034), ('thing', 0.007137230597436428), ('take', 0.006862757261842489), ('sunday', 0.006862757261842489), ('traffic', 0.006771265994757414), ('1', 0.0066797747276723385), ('infrastructure', 0.006496792193502188), ('getting', 0.006496792193502188), ('country', 0.006405300926417112), ('travel', 0.006405300926417112), ('better', 0.006222318392246962), ('3', 0.006130827125161886), ('u', 0.006039335858076811), ('back', 0.005856353789567947), ('plan', 0.0054903882555663586)]"
24,"[('russia', 0.02135743573307991), ('seb', 0.018014824017882347), ('war', 0.017272021621465683), ('saudi', 0.017272021621465683), ('country', 0.015415013767778873), ('military', 0.015415013767778873), ('money', 0.013929408974945545), ('company', 0.013743707910180092), ('flying', 0.012258102186024189), ('training', 0.012258102186024189), ('use', 0.011700999923050404), ('russian', 0.010029694065451622), ('nazi', 0.009101190604269505), ('comment', 0.009101190604269505), ('back', 0.008915489539504051), ('law', 0.008729788474738598), ('bys', 0.008358387276530266), ('com', 0.008172687143087387), ('government', 0.007801285479217768), ('fuel', 0.007801285479217768), ('germany', 0.007615584880113602), ('azerbaijan', 0.007615584880113602), ('global', 0.007429884281009436), ('race', 0.007244183216243982), ('energy', 0.007244183216243982), ('sponsor', 0.00687278201803565), ('gas', 0.00687278201803565), ('http', 0.006687081418931484), ('vettel', 0.006687081418931484), ('putin', 0.006501380819827318), ('1', 0.006315679755061865), ('ukraine', 0.006315679755061865), ('old', 0.006129979155957699), ('hitler', 0.006129979155957699), ('political', 0.005944278556853533), ('german', 0.005944278556853533), ('month', 0.005758578423410654), ('yemen', 0.005572877358645201), ('could', 0.005572877358645201), ('und', 0.005387176759541035)]"
25,"[('fly', 0.04366408288478851), ('plane', 0.02115979976952076), ('flight', 0.02077510952949524), ('jet', 0.020198076963424683), ('air', 0.01981338858604431), ('pilot', 0.018851667642593384), ('italian', 0.01538946945220232), ('hour', 0.01346602663397789), ('vettel', 0.01327368151396513), ('private', 0.012696648947894573), ('tsunami', 0.010388516820967197), ('emission', 0.010196171700954437), ('flyover', 0.010196171700954437), ('thing', 0.009811483323574066), ('climate', 0.00961913913488388), ('need', 0.00961913913488388), ('italy', 0.009426794946193695), ('ryanair', 0.009426794946193695), ('president', 0.00923445075750351), ('carbon', 0.009042106568813324), ('pakistan', 0.008849761448800564), ('drug', 0.008657417260110378), ('fighter', 0.008465073071420193), ('show', 0.008465073071420193), ('singapore', 0.008080384694039822), ('environment', 0.007888040505349636), ('using', 0.007888040505349636), ('like', 0.007311007473617792), ('guy', 0.007311007473617792), ('religious', 0.007118662819266319), ('display', 0.007118662819266319), ('force', 0.006733974441885948), ('airline', 0.006733974441885948), ('aircraft', 0.006733974441885948), ('shaun', 0.00634928559884429), ('religion', 0.005964597221463919), ('used', 0.005772253032773733), ('event', 0.005002875812351704), ('hawk', 0.005002875812351704), ('flood', 0.005002875812351704)]"
26,"[('mclaren', 0.049682363867759705), ('would', 0.028556637465953827), ('renault', 0.02807098813354969), ('team', 0.023700149729847908), ('back', 0.022777415812015533), ('car', 0.018940791487693787), ('year', 0.017629539594054222), ('money', 0.015638379380106926), ('ricciardo', 0.015589813701808453), ('drive', 0.014861340634524822), ('got', 0.01330726407468319), ('go', 0.01325869932770729), ('think', 0.013113005086779594), ('paid', 0.012967309914529324), ('take', 0.01238453108817339), ('option', 0.011850317008793354), ('performance', 0.011607492342591286), ('career', 0.011607492342591286), ('move', 0.011218973435461521), ('pay', 0.010781889781355858), ('could', 0.010441935621201992), ('much', 0.009907721541821957), ('good', 0.00956776738166809), ('left', 0.008742164820432663), ('f1', 0.008693600073456764), ('better', 0.008547904901206493), ('right', 0.008499340154230595), ('salary', 0.008013690821826458), ('work', 0.007722301874309778), ('2', 0.007090958300977945), ('next', 0.007090958300977945), ('going', 0.006605309434235096), ('haas', 0.00626535527408123), ('get', 0.006216790527105331), ('contract', 0.0060225315392017365), ('new', 0.0060225315392017365), ('way', 0.005779706872999668), ('dr', 0.005731142126023769), ('driving', 0.0053911879658699036), ('risk', 0.0050997985526919365)]"
27,"[('name', 0.06543991714715958), ('de', 0.039347611367702484), ('dutch', 0.028786439448595047), ('yuki', 0.023195231333374977), ('language', 0.017604023218154907), ('van', 0.016982778906822205), ('nyck', 0.016775695607066154), ('english', 0.016361532732844353), ('article', 0.015326123684644699), ('engineer', 0.014704878441989422), ('would', 0.014083633199334145), ('chinese', 0.011598651297390461), ('surname', 0.008906587958335876), ('say', 0.008906587958335876), ('way', 0.008699505589902401), ('zhou', 0.008699505589902401), ('last', 0.0084924241527915), ('french', 0.008078260347247124), ('use', 0.007871178910136223), ('sound', 0.007871178910136223), ('first', 0.007249933201819658), ('written', 0.007249933201819658), ('pronounced', 0.00704285129904747), ('understand', 0.006835769861936569), ('correctly', 0.006835769861936569), ('netherlands', 0.006835769861936569), ('pronounce', 0.006628687959164381), ('rating', 0.006628687959164381), ('mandarin', 0.006628687959164381), ('second', 0.006628687959164381), ('correct', 0.006214524619281292), ('der', 0.006214524619281292), ('accent', 0.006214524619281292), ('bono', 0.006007442716509104), ('pronunciation', 0.006007442716509104), ('manager', 0.006007442716509104), ('nick', 0.005593279376626015), ('v', 0.005593279376626015), ('different', 0.0053861974738538265), ('spelling', 0.0053861974738538265)]"
28,"[('max', 0.11762186139822006), ('car', 0.0521664172410965), ('lewis', 0.03920745849609375), ('driver', 0.036996811628341675), ('win', 0.027417346835136414), ('hamilton', 0.026680465787649155), ('verstappen', 0.025105062872171402), ('leclerc', 0.014001012779772282), ('better', 0.01346740871667862), ('russell', 0.013086262159049511), ('george', 0.012959213927388191), ('would', 0.012908394448459148), ('perez', 0.010291192680597305), ('team', 0.010113324970006943), ('like', 0.009808408096432686), ('charles', 0.008410872891545296), ('also', 0.008410872891545296), ('rb', 0.008283824659883976), ('even', 0.008156775496900082), ('think', 0.008029727265238762), ('mercedes', 0.007978907786309719), ('merc', 0.007978907786309719), ('bull', 0.007699400652199984), ('pace', 0.007572352420538664), ('season', 0.0072420258074998856), ('podium', 0.0071149771101772785), ('take', 0.006810060702264309), ('way', 0.006581373047083616), ('could', 0.006200226489454508), ('best', 0.006174816749989986), ('faster', 0.00592071982100606), ('red', 0.005869900342077017), ('second', 0.005641212686896324), ('teammate', 0.005463344510644674), ('right', 0.005336296278983355), ('either', 0.005158428102731705), ('made', 0.005056789144873619), ('setup', 0.005031379405409098), ('winning', 0.005005969665944576), ('much', 0.004701052792370319)]"
29,"[('mclaren', 0.07627736032009125), ('lando', 0.06887778639793396), ('ricciardo', 0.06158948689699173), ('daniel', 0.0552469938993454), ('danny', 0.04478744789958), ('ric', 0.03121229074895382), ('norris', 0.025147978216409683), ('driver', 0.015411698259413242), ('dr', 0.014799702912569046), ('car', 0.012574266642332077), ('year', 0.011072098277509212), ('also', 0.009347385726869106), ('race', 0.008791026659309864), ('team', 0.008457210846245289), ('teammate', 0.008290303871035576), ('renault', 0.0076783085241913795), ('behind', 0.007511401083320379), ('next', 0.0074557652696967125), ('two', 0.006454319693148136), ('driving', 0.006231775972992182), ('2020', 0.006231775972992182), ('1', 0.006120504345744848), ('leaving', 0.006120504345744848), ('win', 0.005842324811965227), ('bad', 0.0056754169054329395), ('season', 0.0056754169054329395), ('2', 0.005508509464561939), ('position', 0.005285965744405985), ('point', 0.005285965744405985), ('5', 0.005285965744405985), ('top', 0.005174694117158651), ('4th', 0.00489651458337903), ('like', 0.004618335049599409), ('pace', 0.004562699235975742), ('order', 0.004562699235975742), ('3', 0.004117612261325121), ('around', 0.003950704354792833), ('current', 0.003950704354792833), ('rookie', 0.0038950687739998102), ('dts', 0.0038394327275455)]"
